,Name,Born,Age,Batting Style,Bowling Style,Playing Role,Teams_playing,PlayerName,Mat,Span,Runs,HS,Bat Avg,100s,Wkts,Bowl Avg,5w,Catches,Stumping,Avg Diff,Matches_won,Matches_lost,HS(out/not_out),BBI_wickets,BBI_runs,career_span_yrs
18,Amir Hamza Hotak,1991-08-15,32,Right hand Bat,Slow Left arm Orthodox,Bowling Allrounder,5,Amir Hamza Hotak,33,2013-2021,40,21,10.0,0,30,25.06,0,1,0,-15.06,24,9,Out,3,39,8
22,Mohammad Asghar Afghan,1987-12-26,36,Right hand Bat,Right arm Medium fast,Middle order Batter,4,Mohammad Asghar Afghan,75,2010-2021,1382,62,21.93,0,1,4.0,0,20,0,17.93,53,21,Out,1,4,11
25,Azmatullah Omarzai,2000-03-24,23,Right hand Bat,Right arm Medium fast,Allrounder,9,Azmatullah Omarzai,30,2022-2024,252,33,15.75,0,17,36.47,0,9,0,-20.72,14,15,Out,3,22,2
34,Dawlat Zadran,1988-03-19,35,Right hand Bat,Right arm Fast medium,Bowler,2,Dawlat Zadran,34,2012-2019,68,13,7.55,0,40,24.5,0,7,0,-16.94,21,13,Out,4,44,7
43,Fareed Ahmad Malik,1994-08-10,29,Left hand Bat,Left arm Fast medium,Bowler,5,Fareed Ahmad Malik,29,2016-2024,32,24,32.0,0,38,19.31,0,5,0,12.68,18,9,Not Out,3,14,8
48,Fazalhaq Farooqi,2000-09-22,23,Right hand Bat,Left arm Fast medium,Bowler,17,Fazalhaq Farooqi,29,2021-2024,1,1,0.5,0,31,22.64,0,3,0,-22.14,14,15,Not Out,3,11,3
50,Gulbadin Naib,1991-06-04,32,Right hand Bat,Right arm Medium fast,Batting Allrounder,5,Gulbadin Naib,63,2012-2024,787,57,21.86,0,26,31.26,0,24,0,-9.4,36,24,Out,3,28,12
53,Hamid Hassan,1987-06-01,36,Right hand Bat,Right arm Fast,Bowler,5,Hamid Hassan,25,2010-2021,50,22,16.66,0,35,16.57,0,3,0,0.09,15,10,Out,4,22,11
75,Karim Janat,1998-08-11,25,Right hand Bat,Right arm Medium,Bowling Allrounder,13,Karim Janat,56,2016-2024,546,56,16.54,0,41,26.29,1,12,0,-9.74,36,17,Not Out,5,11,8
76,Karim Sadiq Khan,1984-01-05,40,Right hand Bat,Right arm Offbreak,Opening Batter,3,Karim Sadiq Khan,36,2010-2018,538,72,14.94,0,14,34.42,0,6,0,-19.48,21,15,Out,3,17,8
89,Mirwais Ashraf,1988-09-04,35,Right hand Bat,Right arm Fast medium,Bowler,2,Mirwais Ashraf,25,2010-2016,128,28,11.63,0,14,31.71,0,5,0,-20.07,16,9,Not Out,2,6,6
94,Mohammad Nabi,1985-01-01,39,Right hand Bat,Right arm Offbreak,Allrounder,36,Mohammad Nabi,115,2010-2024,1967,89,22.6,0,88,28.6,0,61,0,-5.99,70,43,Out,4,10,14
101,Mujeeb Ur Rahman,2001-03-28,22,Right hand Bat,Right arm Offbreak,Bowler,24,Mujeeb Ur Rahman,45,2018-2024,54,21,9.0,0,58,18.13,1,7,0,-9.13,23,21,Out,5,20,6
107,Mohammad Nasim Baras,1993-05-30,30,Left hand Bat,Slow Left arm Orthodox,Bowler,3,Mohammad Nasim Baras,3,2015-2015,1,1,1.0,0,2,28.0,0,3,0,-27.0,2,1,Out,1,11,0
113,Naveen-ul-Haq Murid,1999-09-23,24,Right hand Bat,Right arm Medium fast,Bowler,25,Naveen-ul-Haq Murid,32,2019-2024,19,10,9.5,0,40,21.5,0,4,0,-12.0,17,14,Not Out,4,20,5
115,Nawroz Khan Mangal,1984-07-15,39,Right hand Bat,Right arm Offbreak,Top order Batter,3,Nawroz Khan Mangal,32,2010-2017,505,65,18.03,0,4,20.0,0,16,0,-1.96,18,14,Not Out,3,23,7
119,Noor Ahmad Lakanwal,2005-01-03,19,Right hand Bat,Left arm Wrist spin,Bowler,16,Noor Ahmad Lakanwal,4,2022-2024,13,8,6.5,0,4,22.75,0,1,0,-16.25,2,2,Out,4,10,2
135,Qais Ahmad Kamawal,2000-08-15,23,Right hand Bat,Legbreak,Bowler,22,Qais Ahmad Kamawal,9,2020-2024,26,18,8.66,0,15,11.2,0,7,0,-2.53,4,2,Out,3,16,4
142,Rashid Khan Arman,1998-09-20,25,Right hand Bat,Legbreak Googly,Bowling Allrounder,30,Rashid Khan Arman,82,2015-2023,370,48,14.8,0,130,14.8,2,32,0,0.0,53,28,Not Out,5,3,8
149,Samiullah Shinwari,1987-12-31,36,Right hand Bat,Legbreak,Allrounder,6,Samiullah Shinwari,65,2010-2022,1013,61,22.02,0,28,24.57,1,19,0,-2.54,44,21,Out,5,13,12
158,Shapoor Zadran,1987-07-08,36,Left hand Bat,Left arm Fast medium,Bowler,4,Shapoor Zadran,36,2010-2020,27,13,3.85,0,37,24.51,0,5,0,-20.65,18,18,Out,3,40,10
159,Sharafuddin Ashraf,1995-01-10,29,Right hand Bat,Slow Left arm Orthodox,Allrounder,4,Sharafuddin Ashraf,18,2015-2024,46,18,7.66,0,8,42.75,0,3,0,-35.08,14,2,Out,3,27,9
186,Sean Anthony Abbott,1992-02-29,31,Right hand Bat,Right arm Fast medium,Bowling Allrounder,12,Sean Anthony Abbott,14,2014-2023,21,12,7.0,0,14,25.57,0,6,0,-18.57,9,5,Not Out,4,31,9
187,Ashton Charles Agar,1993-10-14,30,Left hand Bat,Slow Left arm Orthodox,Bowler,6,Ashton Charles Agar,47,2016-2022,277,29,12.04,0,48,22.35,2,31,0,-10.31,26,20,Out,6,30,6
206,Kristen Maree Beams,1984-11-06,39,Right hand Bat,Legbreak Googly,Bowler,4,Kristen Maree Beams,18,2014-2017,6,4,6.0,0,20,16.6,0,4,0,-10.6,13,5,Not Out,3,11,3
211,Jason Paul Behrendorff,1990-04-20,33,Right hand Bat,Left arm Fast medium,Bowler,10,Jason Paul Behrendorff,14,2017-2023,7,5,7.0,0,15,21.26,0,7,0,-14.26,7,6,Out,4,21,6
223,Cameron John Boyce,1989-07-27,34,Right hand Bat,Legbreak,Bowler,9,Cameron John Boyce,7,2014-2016,4,3,4.0,0,8,19.0,0,0,0,-15.0,3,4,Out,2,10,2
244,Nicola Jane Carey,1993-09-10,30,Left hand Bat,Right arm Medium,Bowler,6,Nicola Jane Carey,27,2018-2022,60,10,20.0,0,19,24.84,0,15,0,-4.84,18,4,Not Out,3,15,4
252,Daniel Trevor Christian,1983-05-04,40,Right hand Bat,Right arm Fast medium,Allrounder,20,Daniel Trevor Christian,23,2010-2021,118,39,14.75,0,13,30.61,0,6,0,-15.86,14,7,Out,3,27,11
261,Nathan Mitchell Coulter-Nile,1987-10-11,36,Right hand Bat,Right arm Fast,Bowling Allrounder,19,Nathan Mitchell Coulter-Nile,28,2013-2019,150,34,13.63,0,34,23.58,0,13,0,-9.95,13,14,Out,4,31,6
264,Sarah Jane Coyte,1991-03-30,32,Right hand Bat,Right arm Medium,Bowler,5,Sarah Jane Coyte,47,2010-2016,117,17,13.0,0,47,20.82,0,15,0,-7.82,26,21,Not Out,4,5,6
268,Patrick James Cummins,1993-05-08,30,Right hand Bat,Right arm Fast,Bowler,9,Patrick James Cummins,50,2011-2022,116,21,9.66,0,55,24.54,0,15,0,-14.87,30,16,Out,3,15,11
269,Benjamin Colin James Cutting,1987-01-30,36,Right hand Bat,Right arm Fast medium,Allrounder,27,Benjamin Colin James Cutting,7,2013-2017,40,29,10.0,0,3,71.66,0,5,0,-61.66,2,5,Out,1,18,4
272,Timothy Hays David,1996-03-16,27,Right hand Bat,Right arm Offbreak,Middle order Batter,19,Timothy Hays David,33,2019-2023,897,92,34.5,0,5,51.0,0,20,0,-16.5,17,15,Not Out,1,18,4
289,Benjamin James Dwarshuis,1994-06-23,29,Left hand Bat,Left arm Fast medium,Bowler,8,Benjamin James Dwarshuis,3,2022-2023,1,1,0.5,0,5,22.4,0,1,0,-21.9,1,2,Out,3,40,1
293,Nathan Ellis,1994-09-22,29,Right hand Bat,Right arm Fast medium,Bowler,7,Nathan Ellis,12,2021-2023,6,4,2.0,0,22,17.31,0,5,0,-15.31,6,6,Not Out,4,28,2
297,James Peter Faulkner,1990-04-29,33,Right hand Bat,Left arm Fast medium,Bowling Allrounder,16,James Peter Faulkner,24,2012-2017,159,41,14.45,0,36,19.0,1,11,0,-4.54,12,12,Not Out,5,27,5
299,Holly Lee Ferling,1995-12-22,28,Right hand Bat,Right arm Fast medium,Bowler,6,Holly Lee Ferling,9,2013-2016,0,0,0.0,0,5,28.4,0,0,0,-28.4,5,4,Out,2,14,3
311,Ashleigh Katherine Gardner,1997-04-15,26,Right hand Bat,Right arm Offbreak,Allrounder,5,Ashleigh Katherine Gardner,85,2017-2024,1308,93,26.16,0,64,21.81,1,23,0,4.34,62,16,Out,5,12,7
313,Kimberley Jennifer Garth,1996-04-25,27,Right hand Bat,Right arm Medium fast,Allrounder,8,Kimberley Jennifer Garth,57,2010-2024,764,51,23.15,0,47,21.23,0,18,0,1.91,21,35,Not Out,3,6,14
320,Cameron Donald Green,1999-06-03,24,Right hand Bat,Right arm Fast medium,Batting Allrounder,6,Cameron Donald Green,8,2022-2022,139,61,17.37,0,5,35.6,0,3,0,-18.22,5,3,Out,2,16,0
328,Aaron Mark Hardie,1999-01-07,25,Right hand Bat,Right arm Medium fast,Allrounder,4,Aaron Mark Hardie,6,2023-2023,53,23,13.25,0,3,46.33,0,3,0,-33.08,3,3,Out,1,20,0
331,Grace Margaret Harris,1993-09-18,30,Right hand Bat,Right arm Offbreak,Allrounder,9,Grace Margaret Harris,42,2015-2024,408,64,21.47,0,9,17.77,0,15,0,3.69,30,9,Not Out,2,7,9
335,John Wayne Hastings,1985-11-04,38,Right hand Bat,Right arm Fast medium,Allrounder,12,John Wayne Hastings,9,2010-2016,46,15,11.5,0,7,35.28,0,2,0,-23.78,4,5,Out,3,14,6
337,Rachael Louise Haynes,1986-12-26,37,Left hand Bat,Left arm Medium,Batter,5,Rachael Louise Haynes,84,2010-2022,850,69,26.56,0,4,18.5,0,29,0,8.06,53,26,Not Out,3,19,12
338,Josh Reginald Hazlewood,1991-01-08,33,Left hand Bat,Right arm Fast medium,Bowler,19,Josh Reginald Hazlewood,41,2013-2022,22,13,11.0,0,58,20.36,0,8,0,-9.36,23,16,Not Out,4,12,9
339,Travis Michael Head,1993-12-29,30,Left hand Bat,Right arm Offbreak,Middle order Batter,10,Travis Michael Head,23,2016-2023,554,91,29.15,0,1,56.0,0,6,0,-26.84,13,10,Out,1,16,7
344,Moises Constantino Henriques,1987-02-01,36,Right hand Bat,Right arm Fast medium,Allrounder,12,Moises Constantino Henriques,24,2009-2021,355,62,20.88,0,7,27.71,0,6,0,-6.83,10,14,Not Out,3,22,12
347,Benjamin William Hilfenhaus,1983-03-15,40,Right hand Bat,Right arm Fast medium,Bowler,9,Benjamin William Hilfenhaus,7,2007-2012,2,2,1.0,0,9,17.88,0,0,0,-16.88,4,3,Out,2,15,5
364,Jessica Louise Jonassen,1992-11-05,31,Left hand Bat,Slow Left arm Orthodox,Bowler,5,Jessica Louise Jonassen,105,2012-2023,438,47,12.88,0,96,19.62,1,29,0,-6.74,75,26,Out,5,12,11
374,Delissa Maree Kimmince,1989-05-14,34,Right hand Bat,Right arm Medium,Bowler,5,Delissa Maree Kimmince,44,2008-2020,162,43,16.2,0,45,21.08,0,10,0,-4.88,35,8,Out,3,20,12
380,Meghann Moira Lanning,1992-03-25,31,Right hand Bat,Right arm Medium,Top order Batter,5,Meghann Moira Lanning,132,2010-2023,3405,133,36.61,2,4,9.75,0,45,0,26.86,94,32,Not Out,2,17,13
393,Mitchell Ross Marsh,1991-10-20,32,Right hand Bat,Right arm Medium,Allrounder,24,Mitchell Ross Marsh,49,2011-2023,1272,92,33.47,0,15,23.2,0,24,0,10.27,26,22,Not Out,3,24,12
396,Glenn James Maxwell,1988-10-14,35,Right hand Bat,Right arm Offbreak,Batting Allrounder,16,Glenn James Maxwell,100,2012-2023,2275,145,29.54,4,39,29.33,0,41,0,0.21,58,39,Not Out,3,10,11
401,Tahlia May McGrath,1995-11-10,28,Right hand Bat,Right arm Medium,Allrounder,6,Tahlia May McGrath,39,2021-2024,900,91,42.85,0,17,21.7,0,12,0,21.15,29,5,Not Out,3,13,3
402,Clinton James McKay,1983-02-20,40,Right hand Bat,Right arm Fast medium,Bowler,10,Clinton James McKay,6,2010-2013,19,7,9.5,0,4,45.75,0,0,0,-36.25,1,5,Out,2,24,3
412,Sophie Molineux,1998-01-17,26,Left hand Bat,Slow Left arm Orthodox,Bowler,5,Sophie Molineux,27,2018-2021,47,18,7.83,0,26,20.69,0,11,0,-12.85,22,4,Out,4,16,3
416,James Matthew Muirhead,1993-07-30,30,Right hand Bat,Legbreak,Bowler,11,James Matthew Muirhead,5,2014-2014,4,3,4.0,0,6,18.16,0,3,0,-14.16,3,2,Out,2,13,0
427,Stephen Norman John O'Keefe,1984-12-09,39,Right hand Bat,Slow Left arm Orthodox,Allrounder,5,Stephen Norman John O'Keefe,7,2010-2011,32,22,6.4,0,6,24.83,0,1,0,-18.43,2,5,Out,3,29,1
430,Erin Alyse Osborne,1989-06-27,34,Right hand Bat,Right arm Offbreak,Allrounder,3,Erin Alyse Osborne,59,2009-2016,78,17,8.66,0,48,22.5,0,25,0,-13.83,42,17,Not Out,4,19,7
440,Ellyse Alexandra Perry,1990-11-03,33,Right hand Bat,Right arm Fast medium,Allrounder,7,Ellyse Alexandra Perry,151,2008-2024,1841,75,31.74,0,125,18.79,0,43,0,12.94,102,44,Out,4,12,16
455,Jhye Avon Richardson,1996-09-20,27,Right hand Bat,Right arm Fast,Bowler,5,Jhye Avon Richardson,18,2017-2022,45,11,15.0,0,19,29.26,0,10,0,-14.26,10,8,Out,3,26,5
456,Kane William Richardson,1991-02-12,32,Right hand Bat,Right arm Fast medium,Bowler,23,Kane William Richardson,36,2014-2023,17,9,4.25,0,45,23.53,0,14,0,-19.28,22,12,Out,4,30,9
462,Daniel Richard Sams,1992-10-27,31,Right hand Bat,Left arm Fast medium,Allrounder,18,Daniel Richard Sams,10,2020-2022,106,41,26.5,0,7,43.57,0,4,0,-17.07,3,7,Out,2,33,2
468,Megan Schutt,1993-01-15,31,Right hand Bat,Right arm Fast medium,Bowler,6,Megan Schutt,108,2013-2024,29,8,3.62,0,133,17.57,1,11,0,-13.94,77,25,Not Out,5,15,11
475,D'Arcy John Matthew Short,1990-08-09,33,Left hand Bat,Left arm Wrist spin,Opening Batter,10,D'Arcy John Matthew Short,23,2018-2020,642,76,30.57,0,3,50.33,0,8,0,-19.76,12,10,Out,1,13,2
476,Matthew William Short,1995-11-08,28,Right hand Bat,Right arm Offbreak,Top order Batter,9,Matthew William Short,7,2023-2023,156,66,22.28,0,1,36.0,0,4,0,-13.71,3,4,Out,1,13,0
488,Steven Peter Devereux Smith,1989-06-02,34,Right hand Bat,Legbreak Googly,Top order Batter,24,Steven Peter Devereux Smith,65,2010-2023,1079,90,25.69,0,17,22.17,0,40,0,3.51,38,23,Out,3,20,13
491,Billy James Stanlake,1994-11-04,29,Left hand Bat,Right arm Fast,Bowler,14,Billy James Stanlake,19,2017-2019,9,7,9.0,0,27,20.14,0,0,0,-11.14,12,7,Out,4,8,2
492,Mitchell Aaron Starc,1990-01-30,34,Left hand Bat,Left arm Fast,Bowler,11,Mitchell Aaron Starc,58,2012-2022,94,14,9.4,0,73,22.91,0,15,0,-13.51,34,21,Out,4,20,10
495,Marcus Peter Stoinis,1989-08-16,34,Right hand Bat,Right arm Medium,Batting Allrounder,27,Marcus Peter Stoinis,57,2015-2023,915,78,30.5,0,24,30.58,0,20,0,-0.08,34,20,Out,3,18,8
497,Molly Strano,1992-10-05,31,Right hand Bat,Right arm Offbreak,Bowler,6,Molly Strano,7,2017-2020,6,3,1.5,0,9,17.55,1,3,0,-16.05,2,5,Out,5,10,3
501,Annabel Sutherland,2001-10-12,22,Right hand Bat,Right arm Medium fast,Allrounder,8,Annabel Sutherland,28,2020-2024,109,22,12.11,0,15,30.26,0,14,0,-18.15,20,6,Not Out,3,28,4
504,Shaun William Tait,1983-02-22,40,Right hand Bat,Right arm Fast,Bowler,15,Shaun William Tait,21,2007-2016,11,6,2.75,0,28,21.03,0,3,0,-18.28,14,6,Out,3,13,9
511,Ashton James Turner,1993-01-25,31,Right hand Bat,Right arm Offbreak,Middle order Batter,10,Ashton James Turner,19,2017-2023,110,24,12.22,0,4,20.5,0,7,0,-8.27,11,7,Out,2,12,6
512,Andrew James Tye,1986-12-12,37,Right hand Bat,Right arm Medium fast,Bowler,22,Andrew James Tye,32,2016-2021,83,20,10.37,0,47,21.21,0,10,0,-10.83,13,18,Out,4,23,5
519,Tayla Jade Vlaeminck,1998-10-27,25,Right hand Bat,Right arm Fast,Bowler,4,Tayla Jade Vlaeminck,15,2018-2022,0,0,0.0,0,13,21.84,0,6,0,-21.84,11,2,Out,3,13,4
523,Georgia Wareham,1999-05-26,24,Right hand Bat,Legbreak,Bowler,7,Georgia Wareham,52,2018-2024,116,32,16.57,0,51,16.43,0,20,0,0.14,41,8,Not Out,3,12,6
528,Amanda-Jade Wellington,1997-05-29,26,Right hand Bat,Legbreak,Bowler,7,Amanda-Jade Wellington,8,2017-2018,9,8,9.0,0,10,11.2,0,3,0,-2.2,5,3,Out,4,16,1
530,Cameron Leon White,1983-08-18,40,Right hand Bat,Legbreak Googly,Middle order Batter,12,Cameron Leon White,47,2007-2014,984,85,32.8,0,1,51.0,0,23,0,-18.2,28,16,Not Out,1,11,7
544,Abu Hider Rony,1996-02-14,27,Right hand Bat,Left arm Fast medium,Bowler,10,Abu Hider Rony,13,2016-2018,58,22,58.0,0,6,55.0,0,2,0,3.0,4,8,Not Out,2,40,2
550,Afif Hossain Dhrubo,1999-09-22,24,Left hand Bat,Right arm Offbreak,Allrounder,8,Afif Hossain Dhrubo,69,2018-2023,1109,77,20.53,0,12,21.66,0,19,0,-1.12,29,38,Not Out,3,11,5
558,Al-Amin Hossain,1992-12-27,31,Right hand Bat,Right arm Medium fast,Bowler,13,Al-Amin Hossain,31,2013-2020,7,5,3.5,0,43,16.97,0,4,0,-13.47,12,17,Not Out,3,20,7
561,Alok Kapali,1984-01-01,40,Right hand Bat,Legbreak,Allrounder,8,Alok Kapali,7,2007-2011,57,19,11.4,0,2,17.5,0,2,0,-6.1,3,4,Out,2,12,4
563,Aminul Islam Biplob,1999-11-06,24,Right hand Bat,Legbreak Googly,Allrounder,5,Aminul Islam Biplob,10,2019-2021,35,9,11.66,0,12,19.83,0,1,0,-8.16,3,7,Out,3,34,2
569,Arafat Sunny,1986-09-29,37,Left hand Bat,Slow Left arm Orthodox,Bowler,13,Arafat Sunny,10,2014-2016,34,10,11.33,0,12,19.16,0,1,0,-7.83,3,7,Out,2,17,2
570,Ariful Haque,1992-11-18,31,Right hand Bat,Right arm Medium fast,Allrounder,10,Ariful Haque,9,2018-2018,59,18,14.75,0,1,13.0,0,5,0,1.75,3,6,Not Out,1,13,0
596,Mohammad Elias Sunny,1986-01-01,38,Left hand Bat,Slow Left arm Orthodox,Bowler,9,Mohammad Elias Sunny,7,2012-2012,9,5,4.5,0,9,16.22,1,4,0,-11.72,4,3,Out,5,13,0
598,Fahima Khatun,1992-11-02,31,Right hand Bat,Legbreak,Bowler,3,Fahima Khatun,78,2013-2023,331,32,9.73,0,46,24.41,0,27,0,-14.67,31,46,Not Out,4,8,10
600,Farhad Reza,1986-06-16,37,Right hand Bat,Right arm Fast medium,Allrounder,12,Farhad Reza,13,2006-2014,72,19,8.0,0,6,43.5,0,4,0,-35.5,5,8,Out,2,34,8
601,Fariha Islam Trisna,2002-09-13,21,Right hand Bat,Left arm Medium,Bowler,1,Fariha Islam Trisna,6,2022-2023,1,1,1.0,0,7,19.28,0,1,0,-18.28,2,4,Out,3,12,1
608,Hasan Mahmud,1999-10-12,24,Right hand Bat,Right arm Fast medium,Bowler,8,Hasan Mahmud,17,2020-2023,7,3,3.5,0,18,24.72,0,5,0,-21.22,10,7,Out,3,47,3
620,Jahanara Alam,1993-04-01,30,Right hand Bat,Right arm Medium,Bowler,4,Jahanara Alam,78,2012-2023,168,18,6.46,0,57,23.31,1,12,0,-16.85,26,52,Not Out,5,28,11
625,Jishan Alam,2004-11-10,19,Right hand Bat,Right arm Offbreak,Batting Allrounder,1,Jishan Alam,3,2022-2023,149,73,49.66,0,1,88.0,0,3,0,-38.33,1,2,Out,1,25,1
631,Khadija Tul Kubra,1995-01-30,29,Right hand Bat,Right arm Offbreak,Bowler,1,Khadija Tul Kubra,49,2012-2020,19,5,3.16,0,43,18.46,0,6,0,-15.29,18,31,Out,3,5,8
637,Mahedi Hasan,1994-12-12,29,Right hand Bat,Right arm Offbreak,Allrounder,11,Mahedi Hasan,41,2018-2023,282,30,12.81,0,34,25.11,0,13,0,-12.29,15,24,Not Out,3,19,5
639,Mahfuzur Rahman Rabby,2005-05-08,18,Left hand Bat,Slow Left arm Orthodox,Bowling Allrounder,1,Mahfuzur Rahman Rabby,3,2022-2023,50,38,16.66,0,2,24.0,0,1,0,-7.33,1,2,Out,2,15,1
643,Mohammad Mahmudullah,1986-02-04,38,Right hand Bat,Right arm Offbreak,Allrounder,15,Mohammad Mahmudullah,121,2007-2022,2122,64,23.57,0,38,26.63,0,46,0,-3.05,41,77,Not Out,3,10,15
647,Marufa Akter,2005-01-01,19,Right hand Bat,Right arm Medium fast,Bowler,2,Marufa Akter,16,2022-2023,4,3,1.33,0,13,22.84,0,2,0,-21.51,5,10,Out,3,23,1
648,Mashrafe Bin Mortaza,1983-10-05,40,Right hand Bat,Right arm Fast medium,Bowler,7,Mashrafe Bin Mortaza,54,2006-2017,377,36,13.46,0,42,36.35,0,10,0,-22.89,19,34,Out,4,19,11
657,Mehidy Hasan Miraz,1997-10-25,26,Right hand Bat,Right arm Offbreak,Allrounder,8,Mehidy Hasan Miraz,25,2017-2023,248,46,14.58,0,13,36.76,0,12,0,-22.18,12,13,Out,4,12,6
660,Mohammad Ashraful,1984-07-07,39,Right hand Bat,"Right arm Offbreak, Legbreak",Middle order Batter,9,Mohammad Ashraful,23,2007-2013,450,65,19.56,0,8,26.25,0,4,0,-6.68,6,17,Out,3,42,6
666,Mohammad Saifuddin,1996-11-01,27,Left hand Bat,Right arm Medium fast,Bowling Allrounder,7,Mohammad Saifuddin,34,2017-2022,200,39,18.18,0,34,29.67,0,8,0,-11.49,17,17,Not Out,4,33,5
675,Ripon Mondol,2003-03-21,20,Right hand Bat,Right arm Medium,Bowler,2,Ripon Mondol,3,2023-2023,0,0,0.0,0,4,15.0,0,0,0,-15.0,2,1,Out,3,14,0
679,Mosaddek Hossain Saikat,1995-12-10,28,Right hand Bat,Right arm Offbreak,Middle order Batter,11,Mosaddek Hossain Saikat,33,2016-2022,389,48,18.52,0,18,22.11,1,13,0,-3.58,11,22,Not Out,5,20,6
689,Mustafizur Rahman,1995-09-06,28,Left hand Bat,Left arm Fast medium,Bowler,14,Mustafizur Rahman,88,2015-2023,71,15,4.73,0,105,22.26,1,19,0,-17.53,41,45,Out,5,22,8
693,Mohammed Naeem Islam,1986-12-31,37,Right hand Bat,Right arm Offbreak,Allrounder,8,Mohammed Naeem Islam,10,2008-2013,130,28,14.44,0,3,40.66,0,2,0,-26.22,1,9,Out,2,32,5
697,Nahida Akter,2000-03-02,23,Right hand Bat,Slow Left arm Orthodox,Bowler,1,Nahida Akter,75,2015-2023,115,15,8.84,0,86,16.15,2,18,0,-7.3,38,36,Not Out,5,8,8
700,Mohammad Nasir Hossain,1991-11-30,32,Right hand Bat,Right arm Offbreak,Allrounder,13,Mohammad Nasir Hossain,31,2011-2016,370,50,18.5,0,7,37.42,0,15,0,-18.92,11,19,Not Out,2,26,5
701,Nasum Ahmed,1994-12-05,29,Left hand Bat,Slow Left arm Orthodox,Bowler,7,Nasum Ahmed,35,2021-2023,64,19,9.14,0,34,23.14,0,6,0,-14.0,17,17,Not Out,4,10,2
707,Mohammad Nazmul Islam,1992-03-21,31,Left hand Bat,Slow Left arm Orthodox,Bowler,10,Mohammad Nazmul Islam,13,2018-2018,18,7,18.0,0,8,33.12,0,2,0,-15.12,4,9,Out,3,28,0
723,Rabeya Khan,2005-03-11,18,Right hand Bat,Legbreak,Allrounder,3,Rabeya Khan,17,2019-2023,26,11,6.5,0,17,15.05,0,3,0,-8.55,8,8,Not Out,4,8,4
733,Mohammad Rishad Hossain,2002-07-15,21,Right hand Bat,Legbreak Googly,Bowler,7,Mohammad Rishad Hossain,6,2023-2023,18,10,9.0,0,3,31.33,0,1,0,-22.33,3,2,Out,1,19,0
734,MST. Ritu Moni,1993-02-05,30,Right hand Bat,Right arm Medium,Allrounder,2,MST. Ritu Moni,61,2012-2023,362,39,10.96,0,20,24.55,0,5,0,-13.58,27,34,Not Out,4,18,11
742,Mohammad Rubel Hossain,1990-01-01,34,Right hand Bat,Right arm Fast,Bowler,12,Mohammad Rubel Hossain,28,2009-2021,20,8,4.0,0,28,32.57,0,1,0,-28.57,5,22,Not Out,3,31,12
743,Rumana Ahmed,1991-05-29,32,Right hand Bat,Legbreak,Allrounder,2,Rumana Ahmed,84,2012-2023,854,50,13.13,0,75,18.7,0,12,0,-5.56,27,57,Out,3,2,11
745,Mohammad Sabbir Rahman,1991-11-22,32,Right hand Bat,Legbreak,Middle order Batter,15,Mohammad Sabbir Rahman,48,2014-2022,977,80,23.26,0,6,13.16,0,25,0,10.09,18,29,Out,3,11,8
754,Salma Khatun,1990-10-01,33,Right hand Bat,Right arm Offbreak,Allrounder,2,Salma Khatun,95,2012-2023,634,49,15.46,0,84,18.57,0,18,0,-3.1,37,58,Not Out,4,6,11
756,Sanjida Akter Meghla,2001-06-04,22,Right hand Bat,Slow Left arm Orthodox,Bowler,1,Sanjida Akter Meghla,18,2019-2023,4,2,4.0,0,18,16.38,0,5,0,-12.38,10,8,Not Out,2,4,4
765,Shafiul Islam,1989-10-06,34,Right hand Bat,Right arm Fast medium,Bowler,8,Shafiul Islam,20,2010-2020,23,16,4.6,0,20,26.6,0,1,0,-22.0,6,14,Out,3,36,10
766,Kazi Shahadat Hossain,1986-08-07,37,Right hand Bat,Right arm Medium fast,Bowler,7,Kazi Shahadat Hossain,6,2006-2013,8,4,4.0,0,4,49.5,0,0,0,-45.5,1,5,Not Out,2,22,7
775,Shakib Al Hasan,1987-03-24,36,Left hand Bat,Slow Left arm Orthodox,Allrounder,21,Shakib Al Hasan,117,2006-2023,2382,84,23.82,0,140,20.49,2,26,0,3.32,47,68,Out,5,20,17
791,Mohammad Shoriful Islam,2001-06-03,22,Left hand Bat,Left arm Medium fast,Bowler,7,Mohammad Shoriful Islam,34,2021-2023,28,6,4.0,0,40,22.42,0,7,0,-18.42,10,22,Out,3,21,2
792,Shorna Akter,2007-01-01,17,Right hand Bat,Legbreak,Allrounder,2,Shorna Akter,15,2023-2023,165,31,16.5,0,12,13.58,1,2,0,2.91,5,9,Out,5,28,0
794,Shuvagata Hom Chowdhury,1986-11-11,37,Right hand Bat,Right arm Offbreak,Batting Allrounder,11,Shuvagata Hom Chowdhury,5,2016-2016,35,16,17.5,0,2,35.5,0,1,0,-18.0,2,3,Not Out,1,18,0
796,Sohag Gazi,1991-08-05,32,Right hand Bat,Right arm Offbreak,Bowler,7,Sohag Gazi,10,2012-2015,57,24,14.25,0,4,74.75,0,2,0,-60.5,1,9,Out,1,28,3
798,Soumya Sarkar,1993-02-25,30,Left hand Bat,Right arm Medium fast,Middle order Batter,13,Soumya Sarkar,75,2015-2023,1238,68,17.43,0,11,37.9,0,37,0,-20.47,27,46,Out,2,19,8
800,Sultana Khatun,1996-02-05,27,Right hand Bat,Right arm Offbreak,Bowler,1,Sultana Khatun,8,2023-2023,27,12,6.75,0,9,17.44,0,1,0,-10.69,4,4,Out,3,21,0
806,Syed Rasel,1984-07-03,39,Left hand Bat,Left arm Medium fast,Bowler,5,Syed Rasel,8,2007-2008,7,6,3.5,0,4,50.5,0,1,0,-47.0,2,6,Out,1,10,1
814,Tanvir Islam,1996-10-25,27,Left hand Bat,Slow Left arm Orthodox,Bowler,6,Tanvir Islam,2,2023-2023,8,8,8.0,0,1,29.0,0,1,0,-21.0,1,1,Out,1,17,0
820,Taskin Ahmed,1995-04-03,28,Left hand Bat,Right arm Fast,Bowler,11,Taskin Ahmed,54,2014-2023,115,15,8.21,0,52,27.13,0,9,0,-18.92,20,32,Not Out,4,16,9
834,Ziaur Rahman,1986-12-02,37,Right hand Bat,Right arm Fast medium,Allrounder,14,Ziaur Rahman,14,2012-2014,117,40,13.0,0,3,42.33,0,4,0,-29.33,4,10,Not Out,1,16,2
837,Moeen Munir Ali,1987-06-18,36,Left hand Bat,Right arm Offbreak,Batting Allrounder,26,Moeen Munir Ali,82,2014-2023,1154,72,22.19,0,45,28.04,0,19,0,-5.85,43,36,Not Out,3,24,9
845,Jofra Chioke Archer,1995-04-01,28,Right hand Bat,Right arm Fast,Bowler,14,Jofra Chioke Archer,15,2019-2023,19,18,9.5,0,18,24.66,0,4,0,-15.16,8,7,Not Out,4,33,4
849,Azeem Rafiq,1991-02-27,32,Right hand Bat,Right arm Offbreak,Bowler,5,Azeem Rafiq,3,2009-2009,22,10,22.0,0,4,18.0,0,2,0,4.0,1,2,Not Out,2,28,0
884,Ravinder Singh Bopara,1985-05-04,38,Right hand Bat,Right arm Medium,Batting Allrounder,29,Ravinder Singh Bopara,38,2008-2014,711,65,28.44,0,16,24.18,0,7,0,4.25,16,20,Not Out,4,10,6
889,Timothy Thomas Bresnan,1985-02-28,38,Right hand Bat,Right arm Medium fast,Allrounder,7,Timothy Thomas Bresnan,34,2006-2014,216,47,16.61,0,24,36.95,0,10,0,-20.34,17,16,Not Out,3,10,8
891,Stuart Christopher John Broad,1986-06-24,37,Left hand Bat,Right arm Fast medium,Bowler,6,Stuart Christopher John Broad,56,2006-2014,118,18,7.37,0,65,22.93,0,21,0,-15.56,26,27,Not Out,4,24,8
905,Alice Capsey,2004-08-11,19,Right hand Bat,Right arm Offbreak,Batting Allrounder,6,Alice Capsey,24,2022-2023,456,51,21.71,0,3,39.33,0,7,0,-17.61,16,8,Out,1,10,1
918,Holly Louise Colvin,1989-09-07,34,Right hand Bat,Slow Left arm Orthodox,Bowler,3,Holly Louise Colvin,50,2007-2013,91,18,13.0,0,63,15.41,0,19,0,-2.41,38,10,Not Out,4,9,6
927,Kathryn Laura Cross,1991-10-03,32,Right hand Bat,Right arm Medium fast,Bowler,9,Kathryn Laura Cross,16,2013-2023,3,2,3.0,0,11,33.72,0,4,0,-30.72,8,7,Out,2,18,10
929,Samuel Matthew Curran,1998-06-03,25,Left hand Bat,Left arm Medium fast,Allrounder,13,Samuel Matthew Curran,46,2019-2023,260,50,13.0,0,49,23.65,1,19,0,-10.65,26,19,Out,5,10,4
930,Thomas Kevin Curran,1995-03-12,28,Right hand Bat,Right arm Fast medium,Bowling Allrounder,18,Thomas Kevin Curran,30,2017-2021,64,14,10.66,0,29,31.27,0,8,0,-20.6,18,10,Not Out,4,36,4
933,Alice Natica Davidson-Richards,1994-05-29,29,Right hand Bat,Right arm Fast medium,Bowling Allrounder,6,Alice Natica Davidson-Richards,8,2018-2022,46,24,11.5,0,4,22.5,0,2,0,-11.0,5,3,Out,3,5,4
943,Liam Andrew Dawson,1990-03-01,33,Right hand Bat,Slow Left arm Orthodox,Allrounder,26,Liam Andrew Dawson,11,2016-2022,57,34,14.25,0,6,40.33,0,2,0,-26.08,5,6,Out,3,27,6
944,Charlotte Ellen Dean,2000-12-22,23,Right hand Bat,Right arm Offbreak,Bowling Allrounder,4,Charlotte Ellen Dean,17,2022-2023,78,34,26.0,0,21,16.23,0,3,0,9.76,12,4,Out,4,19,1
946,Joseph Liam Denly,1986-03-16,37,Right hand Bat,Legbreak,Top order Batter,24,Joseph Liam Denly,13,2009-2020,125,30,12.5,0,7,13.28,0,4,0,-0.78,8,4,Out,4,19,11
949,Jade Winston Dernbach,1986-03-03,37,Right hand Bat,Right arm Fast medium,Bowler,7,Jade Winston Dernbach,40,2011-2021,31,12,5.16,0,44,26.59,0,10,0,-21.42,17,21,Out,4,22,10
956,Sophia Ivy Rose Dunkley,1998-07-16,25,Right hand Bat,Legbreak,Batting Allrounder,10,Sophia Ivy Rose Dunkley,50,2018-2023,761,61,23.06,0,1,13.0,0,12,0,10.06,38,11,Not Out,1,6,5
957,Matthew Peter Dunn,1992-05-05,31,Left hand Bat,Right arm Fast,Bowler,6,Matthew Peter Dunn,3,2009-2010,1,1,1.0,0,1,50.0,0,0,0,-49.0,2,1,Out,1,11,1
958,Sophie Ecclestone,1999-05-06,24,Right hand Bat,Slow Left arm Orthodox,Bowler,11,Sophie Ecclestone,76,2016-2023,210,33,16.15,0,109,15.03,0,22,0,1.11,54,20,Not Out,4,18,7
961,Georgia Amanda Elwiss,1991-05-31,32,Right hand Bat,Right arm Medium fast,Batting Allrounder,9,Georgia Amanda Elwiss,14,2011-2019,29,18,9.66,0,8,20.12,0,3,0,-10.45,10,4,Out,2,9,8
965,Natasha Eleni Farrant,1996-05-29,27,Left hand Bat,Left arm Medium,Bowler,7,Natasha Eleni Farrant,18,2013-2021,7,3,7.0,0,15,27.0,0,4,0,-20.0,11,7,Not Out,2,15,8
978,Mahika Gaur,2006-03-09,17,Right hand Bat,Left arm Fast medium,Bowling Allrounder,4,Mahika Gaur,23,2019-2023,11,6,2.75,0,10,37.7,0,4,0,-34.95,17,6,Not Out,3,21,4
979,Katie Louise George,1999-04-07,24,Right hand Bat,Left arm Medium,Bowler,5,Katie Louise George,5,2018-2018,0,0,0.0,0,2,58.5,0,0,0,-58.5,4,1,Out,1,22,0
980,Danielle Rose Gibson,2001-04-30,22,Right hand Bat,Right arm Medium,Bowling Allrounder,4,Danielle Rose Gibson,7,2023-2023,36,21,7.2,0,3,33.0,0,0,0,-25.8,3,4,Out,1,9,0
985,Richard James Gleeson,1987-12-02,36,Right hand Bat,Right arm Fast medium,Bowler,14,Richard James Gleeson,6,2022-2022,2,2,1.0,0,9,20.77,0,4,0,-19.77,4,2,Out,3,15,0
986,Sarah Glenn,1999-08-27,24,Right hand Bat,Legbreak,Bowling Allrounder,7,Sarah Glenn,54,2019-2023,119,26,19.83,0,64,16.93,0,6,0,2.89,39,13,Out,4,23,4
994,Lewis Gregory,1992-05-24,31,Right hand Bat,Right arm Medium fast,Allrounder,14,Lewis Gregory,9,2019-2021,45,15,7.5,0,2,58.5,0,0,0,-51.0,3,4,Out,1,10,2
1002,Jennifer Louise Gunn,1986-05-09,37,Right hand Bat,Right arm Medium fast,Allrounder,3,Jennifer Louise Gunn,104,2004-2018,682,69,13.91,0,75,19.82,1,58,0,-5.9,74,27,Out,5,18,14
1022,Danielle Hazell,1988-05-13,35,Right hand Bat,Right arm Offbreak,Bowler,2,Danielle Hazell,85,2009-2018,188,18,8.95,0,85,20.75,0,11,0,-11.8,57,25,Not Out,4,12,9
1042,William George Jacks,1998-11-21,25,Right hand Bat,Right arm Offbreak,Batting Allrounder,11,William George Jacks,11,2022-2023,181,40,16.45,0,1,19.0,0,2,0,-2.54,5,6,Out,1,5,1
1049,Christopher James Jordan,1988-10-04,35,Right hand Bat,Right arm Fast medium,Bowler,23,Christopher James Jordan,88,2014-2023,434,36,14.46,0,96,27.68,0,43,0,-13.22,47,38,Out,4,6,9
1050,Katherine Sciver-Brunt,1985-07-02,38,Right hand Bat,Right arm Medium fast,Bowling Allrounder,2,Katherine Sciver-Brunt,112,2005-2023,590,42,15.94,0,114,19.19,0,35,0,-3.24,85,24,Not Out,4,15,18
1054,Freya Grace Kemp,2005-04-21,18,Left hand Bat,Left arm Medium,Bowler,4,Freya Grace Kemp,15,2022-2023,80,51,16.0,0,12,17.08,0,1,0,-1.08,9,6,Not Out,2,14,1
1059,Heather Clare Knight,1990-12-26,33,Right hand Bat,Right arm Offbreak,Middle order Batter,8,Heather Clare Knight,107,2010-2023,1738,108,23.48,1,21,25.04,0,30,0,-1.56,79,26,Not Out,3,9,13
1077,Liam Stephen Livingstone,1993-08-04,30,Right hand Bat,"Right arm Offbreak, Legbreak",Batting Allrounder,12,Liam Stephen Livingstone,38,2017-2023,617,103,24.68,1,18,30.5,0,19,0,-5.82,22,16,Out,3,17,6
1081,Saqib Mahmood,1997-02-25,26,Right hand Bat,Right arm Fast medium,Bowler,13,Saqib Mahmood,12,2019-2022,22,7,7.33,0,7,56.85,0,2,0,-49.52,4,6,Not Out,3,33,3
1083,Dawid Johannes Malan,1987-09-03,36,Left hand Bat,Legbreak,Top order Batter,18,Dawid Johannes Malan,62,2017-2023,1892,103,36.38,1,1,27.0,0,22,0,9.38,35,25,Not Out,1,27,6
1086,Laura Alexandra Marsh,1986-12-05,37,Right hand Bat,"Right arm Fast medium, Right arm Offbreak",Opening Batter,5,Laura Alexandra Marsh,67,2007-2019,755,54,16.41,0,64,20.64,0,7,0,-4.22,50,15,Out,3,12,12
1095,Tymal Solomon Mills,1992-08-12,31,Right hand Bat,Left arm Fast,Bowler,22,Tymal Solomon Mills,16,2016-2023,8,7,2.66,0,14,33.85,0,2,0,-31.19,8,8,Out,3,27,7
1105,Natalie Ruth Sciver-Brunt,1992-08-20,31,Right hand Bat,Right arm Medium,Allrounder,7,Natalie Ruth Sciver-Brunt,113,2013-2023,2323,82,27.01,0,83,21.69,0,57,0,5.31,81,29,Out,4,15,10
1117,Matthew William Parkinson,1996-10-24,27,Right hand Bat,Legbreak,Bowler,9,Matthew William Parkinson,6,2019-2022,5,5,1.25,0,7,28.28,0,1,0,-27.03,2,4,Out,4,47,3
1118,Stephen David Parry,1986-01-12,38,Right hand Bat,Slow Left arm Orthodox,Bowler,7,Stephen David Parry,5,2014-2015,1,1,1.0,0,3,46.0,0,2,0,-45.0,3,2,Out,2,33,1
1122,Samit Rohit Patel,1984-11-30,39,Right hand Bat,Slow Left arm Orthodox,Allrounder,17,Samit Rohit Patel,18,2011-2013,189,67,15.75,0,7,45.85,0,3,0,-30.1,9,8,Out,2,6,2
1124,David Alan Payne,1991-02-15,32,Right hand Bat,Left arm Fast medium,Bowler,9,David Alan Payne,3,2009-2010,5,5,5.0,0,2,41.5,0,0,0,-36.5,2,1,Out,1,20,1
1139,Adil Usman Rashid,1988-02-17,35,Right hand Bat,Legbreak,Bowler,23,Adil Usman Rashid,104,2009-2023,101,22,5.94,0,107,25.21,0,29,0,-19.27,57,43,Out,4,2,14
1141,Rehan Ahmed,2004-08-13,19,Right hand Bat,Legbreak Googly,Bowling Allrounder,7,Rehan Ahmed,7,2023-2023,33,11,8.25,0,9,25.33,0,2,0,-17.08,1,6,Out,3,39,0
1152,Joseph Edward Root,1990-12-30,33,Right hand Bat,"Right arm Offbreak, Legbreak",Top order Batter,11,Joseph Edward Root,32,2012-2019,893,90,35.72,0,6,23.16,0,18,0,12.55,17,14,Not Out,2,9,7
1176,Anya Shrubsole,1991-12-07,32,Right hand Bat,Right arm Medium,Bowler,4,Anya Shrubsole,79,2008-2020,104,29,11.55,0,102,15.55,1,20,0,-4.0,59,20,Out,5,11,12
1182,Bryony Frances Smith,1997-11-12,26,Right hand Bat,Right arm Offbreak,Allrounder,6,Bryony Frances Smith,8,2018-2022,57,16,9.5,0,2,30.0,0,2,0,-20.5,6,2,Out,1,10,4
1188,Benjamin Andrew Stokes,1991-06-04,32,Left hand Bat,Right arm Fast medium,Allrounder,13,Benjamin Andrew Stokes,43,2011-2022,585,52,21.66,0,26,32.92,0,22,0,-11.25,24,17,Not Out,3,26,11
1209,Reece James William Topley,1994-02-21,29,Right hand Bat,Left arm Fast medium,Bowler,22,Reece James William Topley,25,2015-2023,13,9,6.5,0,28,26.25,0,6,0,-19.75,14,10,Out,3,22,8
1215,Mady Kate Villiers,1998-08-26,25,Right hand Bat,Right arm Offbreak,Bowling Allrounder,4,Mady Kate Villiers,17,2019-2021,13,9,6.5,0,14,17.28,0,9,0,-10.78,15,2,Not Out,3,10,2
1238,Christopher Roger Woakes,1989-03-02,34,Right hand Bat,Right arm Fast medium,Allrounder,17,Christopher Roger Woakes,33,2011-2023,147,37,16.33,0,31,26.51,0,12,0,-10.18,17,14,Out,3,4,12
1239,Isabelle Eleanor Chih Ming Wong,2002-05-15,21,Right hand Bat,Right arm Fast medium,Bowler,7,Isabelle Eleanor Chih Ming Wong,10,2022-2023,13,13,6.5,0,7,28.28,0,2,0,-21.78,7,3,Out,2,10,1
1242,Luke Wood,1995-08-02,28,Left hand Bat,Left arm Fast medium,Bowler,14,Luke Wood,5,2022-2023,3,3,3.0,0,8,21.75,0,1,0,-18.75,2,3,Out,3,24,1
1248,Luke James Wright,1985-03-07,38,Right hand Bat,Right arm Medium,Top order Batter,17,Luke James Wright,51,2007-2014,759,99,18.97,0,18,25.83,0,14,0,-6.85,23,24,Not Out,2,24,7
1249,Danielle Nicole Wyatt,1991-04-22,32,Right hand Bat,Right arm Offbreak,Top order Batter,14,Danielle Nicole Wyatt,151,2010-2023,2602,124,22.05,2,46,15.54,0,35,0,6.5,111,37,Out,4,11,13
1286,Arshdeep Singh,1999-02-05,24,Left hand Bat,Left arm Medium fast,Bowler,6,Arshdeep Singh,44,2022-2024,34,12,8.5,0,62,20.87,0,12,0,-12.37,30,12,Out,4,37,2
1288,Ravichandran Ashwin,1986-09-17,37,Right hand Bat,Right arm Offbreak,Bowling Allrounder,20,Ravichandran Ashwin,65,2010-2022,184,31,26.28,0,72,23.22,0,11,0,3.06,43,21,Not Out,4,8,12
1291,Avesh Khan,1996-12-13,27,Right hand Bat,Right arm Fast medium,Bowler,10,Avesh Khan,20,2022-2024,11,8,11.0,0,19,32.52,0,10,0,-21.52,13,5,Out,4,18,2
1296,Simran Dil Bahadur,1999-12-13,24,Left hand Bat,Right arm Medium,Bowling Allrounder,6,Simran Dil Bahadur,6,2021-2022,10,10,10.0,0,1,126.0,0,1,0,-116.0,2,4,Out,1,29,1
1311,Stuart Terence Roger Binny,1984-06-03,39,Right hand Bat,Right arm Medium,Allrounder,11,Stuart Terence Roger Binny,3,2015-2016,35,24,17.5,0,1,54.0,0,0,0,-36.5,1,2,Out,1,14,1
1312,Ekta Bisht,1986-02-08,37,Left hand Bat,Slow Left arm Orthodox,Bowler,5,Ekta Bisht,42,2011-2019,40,15,5.0,0,53,14.71,0,6,0,-9.71,22,20,Out,4,21,8
1315,Jasprit Jasbirsingh Bumrah,1993-12-06,30,Right hand Bat,Right arm Fast,Bowler,7,Jasprit Jasbirsingh Bumrah,62,2016-2023,8,7,4.0,0,74,19.66,0,7,0,-15.66,44,13,Out,3,11,7
1317,Yuzvendra Singh Chahal,1990-07-23,33,Right hand Bat,Legbreak Googly,Bowler,7,Yuzvendra Singh Chahal,80,2016-2023,6,3,3.0,0,96,25.09,1,14,0,-22.09,52,24,Not Out,6,25,7
1318,Deepak Lokandersingh Chahar,1992-08-07,31,Right hand Bat,Right arm Medium,Bowler,8,Deepak Lokandersingh Chahar,25,2018-2023,53,31,26.5,0,31,24.09,1,2,0,2.4,20,5,Out,6,7,5
1319,Rahul Desraj Chahar,1999-08-04,24,Right hand Bat,Legbreak Googly,Bowler,16,Rahul Desraj Chahar,6,2019-2021,5,5,5.0,0,7,23.85,0,3,0,-18.85,4,2,Out,3,15,2
1321,Piyush Pramod Chawla,1988-12-24,35,Left hand Bat,Legbreak,Bowling Allrounder,22,Piyush Pramod Chawla,7,2010-2012,0,0,0.0,0,4,37.75,0,2,0,-37.75,4,3,Out,2,13,2
1330,Diana Pilli David,1985-03-02,38,Right hand Bat,Right arm Offbreak,Middle order Batter,2,Diana Pilli David,13,2010-2012,15,7,3.0,0,16,14.18,0,2,0,-11.18,5,8,Not Out,4,12,2
1332,Harleen Deol,1998-06-21,25,Right hand Bat,"Right arm Offbreak, Legbreak Googly",Middle order Batter,6,Harleen Deol,24,2019-2023,251,52,16.73,0,6,23.33,0,6,0,-6.6,11,12,Out,2,13,4
1347,Ashok Bhimchandra Dinda,1984-03-25,39,Right hand Bat,Right arm Medium fast,Bowler,11,Ashok Bhimchandra Dinda,9,2009-2012,22,19,22.0,0,17,14.41,0,1,0,7.58,6,3,Out,4,19,3
1348,Shivam Dube,1993-06-26,30,Left hand Bat,Right arm Medium,Allrounder,9,Shivam Dube,21,2019-2024,276,63,39.42,0,8,45.0,0,11,0,-5.57,14,2,Not Out,3,30,5
1358,Rajeshwari Shivanand Gayakwad,1991-06-01,32,Right hand Bat,Slow Left arm Orthodox,Bowler,4,Rajeshwari Shivanand Gayakwad,58,2014-2023,12,5,12.0,0,61,19.13,0,10,0,-7.13,29,25,Not Out,3,9,9
1380,Dayalan Hemalatha,1994-09-29,29,Right hand Bat,Right arm Offbreak,Top order Batter,4,Dayalan Hemalatha,15,2018-2022,90,20,9.0,0,9,14.66,0,1,0,-5.66,9,6,Out,3,15,4
1382,Deepak Jagbir Hooda,1995-04-19,28,Right hand Bat,Right arm Offbreak,Allrounder,8,Deepak Jagbir Hooda,21,2022-2023,368,104,30.66,1,6,12.66,0,12,0,18.0,15,5,Out,4,10,1
1385,Saika Ishaque,1995-10-08,28,Left hand Bat,Slow Left arm Orthodox,Bowler,4,Saika Ishaque,3,2023-2023,8,8,8.0,0,5,16.2,0,0,0,-8.2,1,2,Out,3,22,0
1388,Ravindrasinh Anirudhsinh Jadeja,1988-12-06,35,Left hand Bat,Slow Left arm Orthodox,Allrounder,16,Ravindrasinh Anirudhsinh Jadeja,66,2009-2023,480,46,22.85,0,53,28.41,0,25,0,-5.55,42,22,Not Out,3,15,14
1420,Amanjot Bhupinder Kaur,2000-01-01,24,Right hand Bat,Right arm Medium,Batting Allrounder,4,Amanjot Bhupinder Kaur,12,2023-2024,92,41,23.0,0,4,29.5,0,4,0,-6.5,8,3,Not Out,2,25,1
1421,Harmanpreet Kaur Bhullar,1989-03-08,34,Right hand Bat,Right arm Offbreak,Batting Allrounder,11,Harmanpreet Kaur Bhullar,161,2009-2024,3204,103,27.62,1,32,24.84,0,61,0,2.77,83,73,Out,4,23,15
1429,Virat Kohli,1988-11-05,35,Right hand Bat,Right arm Medium,Top order Batter,12,Virat Kohli,117,2010-2024,4037,122,51.75,1,4,51.0,0,52,0,0.75,74,37,Not Out,1,13,14
1433,Kuldeep Yadav,1994-12-14,29,Left hand Bat,Left arm Wrist spin,Bowler,9,Kuldeep Yadav,35,2017-2024,46,23,11.5,0,59,14.1,2,10,0,-2.6,21,11,Not Out,5,17,7
1436,Bhuvneshwar Kumar Singh,1990-02-05,33,Right hand Bat,Right arm Medium,Bowler,13,Bhuvneshwar Kumar Singh,87,2012-2022,67,16,8.37,0,90,23.1,2,15,0,-14.72,55,28,Out,5,4,10
1437,Praveenkumar Sakat Singh,1986-10-02,37,Right hand Bat,Right arm Medium,Bowler,12,Praveenkumar Sakat Singh,10,2008-2012,7,6,2.33,0,8,24.12,0,1,0,-21.79,5,5,Out,2,14,4
1452,Minnu Mani,1999-03-24,24,Left hand Bat,Right arm Offbreak,Bowler,3,Minnu Mani,4,2023-2023,6,5,6.0,0,5,11.6,0,0,0,-5.6,2,1,Not Out,2,9,0
1460,Meghna Singh,1994-06-18,29,Right hand Bat,Right arm Medium,Bowler,6,Meghna Singh,9,2022-2022,1,1,0.5,0,4,37.75,0,2,0,-37.25,5,3,Out,1,6,0
1463,Mona Rajesh Meshram,1991-09-30,32,Right hand Bat,Right arm Medium,Middle order Batter,2,Mona Rajesh Meshram,11,2012-2018,125,32,17.85,0,1,50.0,0,2,0,-32.14,6,5,Out,1,9,6
1470,Mohammed Shami Ahmed,1990-09-03,33,Right hand Bat,Right arm Fast,Bowler,8,Mohammed Shami Ahmed,23,2014-2022,0,0,0.0,0,24,29.62,0,1,0,-29.62,14,7,Not Out,3,15,8
1471,Mohammed Siraj,1994-03-13,29,Right hand Bat,Right arm Fast,Bowler,8,Mohammed Siraj,10,2017-2023,7,5,7.0,0,12,27.83,0,4,0,-20.83,6,3,Out,4,17,6
1484,Sthalam Krishnamurth Sravanthi Naidu,1986-08-23,37,Right hand Bat,Left arm Slow,Middle order Batter,1,Sthalam Krishnamurth Sravanthi Naidu,6,2014-2014,11,11,11.0,0,9,8.33,0,2,0,2.66,5,1,Out,4,9,0
1494,Niranjana Nagarajan,1988-10-09,35,Right hand Bat,Right arm Medium,Middle order Batter,3,Niranjana Nagarajan,14,2012-2016,42,15,7.0,0,9,26.22,0,3,0,-19.22,9,5,Out,2,15,4
1502,Shikha Subas Pandey,1989-05-12,34,Right hand Bat,Right arm Medium,Allrounder,5,Shikha Subas Pandey,62,2014-2023,208,26,13.0,0,43,26.16,0,18,0,-13.16,34,26,Not Out,3,14,9
1504,Hardik Himanshu Pandya,1993-10-11,30,Right hand Bat,Right arm Medium fast,Allrounder,6,Hardik Himanshu Pandya,92,2016-2023,1348,71,25.43,0,73,26.71,0,45,0,-1.27,61,29,Not Out,4,16,7
1505,Krunal Himanshu Pandya,1991-03-24,32,Left hand Bat,Slow Left arm Orthodox,Allrounder,10,Krunal Himanshu Pandya,19,2018-2021,124,26,24.8,0,15,36.93,0,8,0,-12.13,11,7,Not Out,4,36,3
1518,Axar Rajeshbhai Patel,1994-01-20,30,Left hand Bat,Slow Left arm Orthodox,Bowling Allrounder,12,Axar Rajeshbhai Patel,52,2015-2024,361,65,19.0,0,49,24.2,0,16,0,-5.2,35,16,Out,3,9,9
1520,Harshal Vikram Patel,1990-11-23,33,Right hand Bat,Right arm Medium,Bowler,11,Harshal Vikram Patel,25,2021-2023,77,18,12.83,0,29,26.55,0,5,0,-13.71,18,5,Out,4,25,2
1527,Irfan Khan Pathan,1984-10-27,39,Left hand Bat,Left arm Medium fast,Allrounder,12,Irfan Khan Pathan,24,2006-2012,172,33,24.57,0,28,22.07,0,2,0,2.5,14,8,Not Out,3,16,6
1529,Anuja Arun Patil,1992-06-28,31,Right hand Bat,Right arm Offbreak,Bowler,2,Anuja Arun Patil,50,2012-2019,386,54,17.54,0,48,21.0,0,17,0,-3.45,29,20,Not Out,3,14,7
1531,Shreyanka Rajesh Patil,2002-07-31,21,Right hand Bat,Right arm Offbreak,Allrounder,4,Shreyanka Rajesh Patil,6,2023-2024,11,7,11.0,0,8,19.75,0,3,0,-8.75,2,4,Not Out,3,19,1
1533,Poonam Yadav,1991-08-24,32,Right hand Bat,Legbreak Googly,Bowler,5,Poonam Yadav,72,2013-2022,14,4,2.8,0,98,15.25,0,15,0,-12.45,44,26,Out,4,9,9
1537,Snehal Nitin Pradhan,1986-03-18,37,Right hand Bat,Right arm Medium fast,Middle order Batter,3,Snehal Nitin Pradhan,4,2011-2011,2,2,2.0,0,6,10.66,0,1,0,-8.66,1,3,Not Out,3,30,0
1551,Suresh Kumar Raina,1986-11-27,37,Left hand Bat,Right arm Offbreak,Middle order Batter,20,Suresh Kumar Raina,78,2006-2018,1605,101,29.18,1,13,34.0,0,42,0,-4.81,50,28,Out,2,6,12
1557,Sneh Rana,1994-02-18,29,Right hand Bat,Right arm Offbreak,Bowling Allrounder,6,Sneh Rana,25,2014-2023,76,16,12.66,0,24,21.75,0,12,0,-9.08,15,10,Out,3,9,9
1561,Punam Ganesh Raut,1989-10-14,34,Right hand Bat,Right arm Offbreak,Opening Batter,5,Punam Ganesh Raut,35,2009-2014,719,75,27.65,0,3,9.66,0,5,0,17.98,21,14,Out,3,12,5
1562,Ravi Bishnoi,2000-09-05,23,Right hand Bat,Legbreak Googly,Bowler,6,Ravi Bishnoi,24,2022-2024,24,8,6.0,0,36,19.52,0,7,0,-13.52,18,4,Not Out,4,16,2
1572,Arundhati Reddy,1997-10-04,26,Right hand Bat,Right arm Medium fast,Bowler,6,Arundhati Reddy,26,2018-2021,73,22,6.63,0,18,36.05,0,7,0,-29.41,12,13,Out,2,19,3
1573,Renuka Singh Thakur,1996-01-02,28,Right hand Bat,Right arm Medium fast,Bowler,4,Renuka Singh Thakur,38,2021-2024,7,2,3.5,0,39,22.66,1,3,0,-19.16,17,19,Not Out,5,15,3
1575,Jemimah Ivan Rodrigues,2000-09-05,23,Right hand Bat,Right arm Offbreak,Middle order Batter,9,Jemimah Ivan Rodrigues,92,2018-2024,1944,76,29.45,0,1,50.0,0,23,0,-20.54,51,35,Out,1,9,6
1577,Priyanka Roy,1988-03-02,35,Right hand Bat,Legbreak,Top order Batter,3,Priyanka Roy,15,2009-2011,95,22,10.55,0,21,12.47,1,3,0,-1.92,7,8,Out,5,16,2
1579,Titas Ranadeep Sadhu,2004-09-29,19,Right hand Bat,Right arm Medium,Bowler,4,Titas Ranadeep Sadhu,7,2023-2024,2,2,2.0,0,8,13.75,0,2,0,-11.75,4,3,Out,4,17,1
1602,Shafali Verma,2004-01-28,20,Right hand Bat,Right arm Offbreak,Opening Batter,7,Shafali Verma,68,2019-2024,1605,73,24.31,0,10,18.5,0,16,0,5.81,37,28,Out,3,15,5
1606,Vijay Shankar,1991-01-26,33,Right hand Bat,Right arm Medium,Allrounder,18,Vijay Shankar,9,2018-2019,101,43,25.25,0,5,38.2,0,2,0,-12.95,5,4,Out,2,32,1
1608,Deepti Bhagwan Sharma,1997-08-24,26,Left hand Bat,Right arm Offbreak,Allrounder,12,Deepti Bhagwan Sharma,104,2016-2024,1015,64,23.6,0,113,19.34,0,34,0,4.25,55,43,Out,4,10,8
1609,Ishant Sharma,1988-09-02,35,Right hand Bat,Right arm Fast medium,Bowler,16,Ishant Sharma,14,2008-2013,8,5,8.0,0,8,50.0,0,4,0,-42.0,6,8,Not Out,2,34,5
1615,Rohit Gurunath Sharma,1987-04-30,36,Right hand Bat,Right arm Offbreak,Top order Batter,17,Rohit Gurunath Sharma,151,2007-2024,3974,121,31.79,5,1,113.0,0,60,0,-81.2,101,46,Not Out,1,22,17
1622,Shivam Pankaj Mavi,1998-11-26,25,Right hand Bat,Right arm Fast medium,Bowler,6,Shivam Pankaj Mavi,6,2023-2023,28,26,14.0,0,7,17.57,0,3,0,-3.57,4,2,Out,4,22,0
1638,Shanthakumaran Sreesanth,1983-02-06,40,Right hand Bat,Right arm Fast medium,Bowler,12,Shanthakumaran Sreesanth,10,2006-2008,20,19,20.0,0,7,41.14,0,2,0,-21.14,6,2,Not Out,2,12,2
1655,Shardul Narendra Thakur,1991-10-16,32,Right hand Bat,Right arm Medium,Bowler,15,Shardul Narendra Thakur,25,2018-2022,69,22,23.0,0,33,23.39,0,7,0,-0.39,16,6,Not Out,4,27,4
1656,Namboori Thakur Tilak Varma,2002-11-08,21,Left hand Bat,Right arm Offbreak,Batting Allrounder,5,Namboori Thakur Tilak Varma,16,2023-2024,336,55,33.6,0,2,13.0,0,10,0,20.6,10,5,Not Out,1,5,1
1669,Devika Purnendu Vaidya,1997-08-13,26,Left hand Bat,Legbreak Googly,Allrounder,5,Devika Purnendu Vaidya,17,2014-2023,90,32,22.5,0,10,27.0,0,1,0,-4.5,8,6,Out,2,16,9
1672,Varun Chakravarthy Vinod,1991-08-29,32,Right hand Bat,Legbreak Googly,Bowler,7,Varun Chakravarthy Vinod,6,2021-2021,0,0,0.0,0,2,66.0,0,0,0,-66.0,2,4,Out,1,18,0
1673,Pooja Vastrakar,1999-09-25,24,Right hand Bat,Right arm Medium,Bowler,6,Pooja Vastrakar,58,2018-2024,305,37,15.25,0,40,22.77,0,11,0,-7.52,35,19,Not Out,4,17,6
1686,Washington Sundar,1999-10-05,24,Left hand Bat,Right arm Offbreak,Bowling Allrounder,14,Washington Sundar,43,2017-2024,107,50,10.7,0,34,28.47,0,13,0,-17.77,31,8,Out,3,18,7
1688,Radha Prakash Yadav,2000-04-21,23,Right hand Bat,Slow Left arm Orthodox,Bowler,7,Radha Prakash Yadav,67,2018-2023,71,14,4.73,0,68,21.54,0,20,0,-16.81,38,26,Out,4,23,5
1691,Umeshkumar Tilak Yadav,1987-10-25,36,Right hand Bat,Right arm Fast,Bowler,11,Umeshkumar Tilak Yadav,9,2012-2022,22,20,22.0,0,12,23.33,0,3,0,-1.33,5,4,Not Out,2,19,10
1712,Curtis Campher,1999-04-20,24,Right hand Bat,Right arm Medium fast,Allrounder,15,Curtis Campher,44,2021-2023,707,72,23.56,0,26,29.46,0,20,0,-5.89,19,25,Not Out,4,25,2
1713,Ava Canning,2004-02-02,20,Right hand Bat,Right arm Medium,Bowler,1,Ava Canning,22,2021-2024,22,14,7.33,0,11,28.63,0,1,0,-21.3,13,9,Not Out,2,5,3
1716,Peter Karl David Chase,1993-10-09,30,Right hand Bat,Right arm Medium fast,Bowler,5,Peter Karl David Chase,12,2018-2019,7,4,7.0,0,15,27.73,0,5,0,-20.73,3,8,Out,4,35,1
1729,David Colin Alex Delany,1997-12-28,26,Left hand Bat,Right arm Fast medium,Bowler,4,David Colin Alex Delany,8,2019-2019,7,7,3.5,0,8,27.75,0,0,0,-24.25,5,3,Out,2,12,0
1730,Gareth James Delany,1997-04-28,26,Right hand Bat,Legbreak Googly,Batting Allrounder,5,Gareth James Delany,64,2019-2023,880,89,20.0,0,40,27.67,0,21,0,-7.67,29,33,Not Out,3,16,4
1731,Laura Delany,1992-12-23,31,Right hand Bat,Right arm Medium,Allrounder,3,Laura Delany,102,2010-2024,1201,61,19.06,0,75,19.85,0,19,0,-0.78,42,59,Out,4,12,14
1732,Georgina Dempsey,2004-07-29,19,Right hand Bat,Right arm Medium,Allrounder,3,Georgina Dempsey,20,2021-2024,22,12,7.33,0,13,23.76,0,6,0,-16.43,13,7,Not Out,2,13,3
1735,George Henry Dockrell,1992-07-22,31,Right hand Bat,Slow Left arm Orthodox,Allrounder,8,George Henry Dockrell,128,2010-2023,969,58,19.77,0,83,22.62,0,61,0,-2.85,55,66,Not Out,4,20,13
1746,Shane Charles Getkate,1991-10-02,32,Right hand Bat,Right arm Medium fast,Allrounder,7,Shane Charles Getkate,30,2019-2022,275,30,11.95,0,16,28.93,0,9,0,-16.98,13,16,Out,3,20,3
1752,Fionn Philip Hand,1998-07-01,25,Right hand Bat,Right arm Medium,Bowling Allrounder,2,Fionn Philip Hand,10,2022-2023,59,36,9.83,0,4,39.0,0,3,0,-29.16,3,7,Out,1,11,1
1754,Graham Ian Hume,1990-11-23,33,Left hand Bat,Right arm Fast medium,Bowler,7,Graham Ian Hume,4,2022-2023,21,20,21.0,0,4,35.5,0,0,0,-14.5,1,3,Not Out,3,17,1
1759,Cecelia Nora Isobel Mary Joyce,1983-07-25,40,Right hand Bat,Legbreak,Opening Batter,4,Cecelia Nora Isobel Mary Joyce,43,2008-2018,659,60,19.38,0,1,31.0,0,6,1,-11.61,11,32,Out,1,31,10
1760,Isobel Mary Helen Cecilia Joyce,1983-07-25,40,Right hand Bat,Left arm Medium,Allrounder,3,Isobel Mary Helen Cecilia Joyce,55,2008-2018,944,56,20.08,0,33,30.81,0,17,0,-10.73,15,40,Not Out,3,16,10
1761,Tyrone Edward Kane,1994-07-08,29,Right hand Bat,Right arm Medium fast,Bowler,6,Tyrone Edward Kane,9,2015-2023,45,26,15.0,0,9,15.88,0,1,0,-0.88,2,5,Not Out,3,19,8
1764,Arlene Nora Kelly,1994-01-08,30,Right hand Bat,Right arm Medium,Allrounder,2,Arlene Nora Kelly,32,2022-2024,89,28,6.35,0,40,15.32,1,17,0,-8.96,17,15,Not Out,5,12,2
1772,Gaby Hollis Lewis,2001-03-27,22,Right hand Bat,Legbreak,Allrounder,5,Gaby Hollis Lewis,81,2014-2024,1879,105,27.63,1,3,40.0,0,24,0,-12.36,37,43,Not Out,2,20,10
1775,Joshua Brian Little,1999-11-01,24,Right hand Bat,Left arm Fast medium,Bowler,12,Joshua Brian Little,63,2016-2023,93,15,8.45,0,72,24.29,0,14,0,-15.83,22,39,Not Out,4,23,7
1781,Jane Maguire,2003-02-18,20,Right hand Bat,Right arm Medium,Bowler,3,Jane Maguire,16,2022-2023,6,3,3.0,0,11,26.81,0,2,0,-23.81,7,9,Not Out,2,14,1
1782,Lara Maritz,2001-01-07,23,Right hand Bat,Right arm Medium,Bowler,2,Lara Maritz,26,2018-2021,70,16,7.77,0,17,21.47,0,9,0,-13.69,12,14,Not Out,3,4,3
1784,Andrew Robert McBrine,1993-04-30,30,Left hand Bat,Right arm Offbreak,Bowling Allrounder,7,Andrew Robert McBrine,32,2014-2022,155,36,12.91,0,23,21.17,0,13,0,-8.25,12,18,Out,2,7,8
1787,Barry John McCarthy,1992-09-13,31,Right hand Bat,Right arm Fast medium,Bowler,9,Barry John McCarthy,46,2017-2023,272,51,14.31,0,46,30.78,0,10,0,-16.46,17,26,Not Out,4,30,6
1802,Jacob Mulder,1995-08-11,28,Right hand Bat,Legbreak,Bowler,3,Jacob Mulder,8,2016-2017,6,5,3.0,0,12,16.0,0,2,0,-13.0,2,6,Not Out,4,16,1
1804,Cara Murray,2000-11-01,23,Right hand Bat,Legbreak,Bowler,1,Cara Murray,41,2018-2024,38,13,6.33,0,28,26.85,0,13,0,-20.52,21,20,Out,3,9,6
1809,Kevin Joseph O'Brien,1984-03-04,39,Right hand Bat,Right arm Medium fast,Batting Allrounder,27,Kevin Joseph O'Brien,110,2008-2021,1973,124,21.21,1,58,19.81,0,40,0,1.4,45,56,Out,4,45,13
1812,Leah Paul,1999-09-10,24,Left hand Bat,Slow Left arm Orthodox,Allrounder,2,Leah Paul,36,2019-2024,187,47,11.0,0,24,21.58,0,8,0,-10.58,19,16,Out,4,16,5
1816,Orla Prendergast,2002-06-01,21,Right hand Bat,"Right arm Medium fast, Right arm Medium",Allrounder,2,Orla Prendergast,47,2019-2024,859,75,23.86,0,26,22.15,0,14,0,1.7,27,19,Not Out,3,10,5
1819,Rachel Delaney,1997-05-05,26,Right hand Bat,Right arm Offbreak,Allrounder,2,Rachel Delaney,10,2018-2022,40,12,10.0,0,3,37.66,0,1,0,-27.66,3,7,Out,1,0,4
1822,William Boyd Rankin,1984-07-05,39,Left hand Bat,Right arm Fast medium,Bowler,14,William Boyd Rankin,50,2009-2020,64,16,9.14,0,55,22.16,0,16,0,-13.02,22,25,Not Out,3,16,11
1824,Eimear Ann Jermyn Richardson,1986-09-14,37,Right hand Bat,Right arm Offbreak,Allrounder,4,Eimear Ann Jermyn Richardson,69,2008-2023,695,63,15.44,0,54,22.24,0,10,0,-6.79,27,41,Not Out,3,9,15
1835,Simi Singh,1987-02-04,37,Right hand Bat,"Right arm Offbreak, Legbreak Googly",Bowling Allrounder,3,Simi Singh,53,2018-2022,296,57,10.2,0,44,27.84,0,16,0,-17.63,22,28,Not Out,3,9,4
1837,Max Christian Sorensen,1985-11-18,38,Right hand Bat,Right arm Fast medium,Bowler,1,Max Christian Sorensen,26,2012-2016,92,26,18.4,0,26,18.11,0,9,0,0.28,14,9,Out,3,17,4
1840,Paul Robert Stirling,1990-09-03,33,Right hand Bat,Right arm Offbreak,Batting Allrounder,30,Paul Robert Stirling,134,2009-2023,3438,115,28.18,1,20,33.95,0,35,0,-5.76,56,72,Not Out,3,21,14
1842,Harry Tom Tector,1999-12-06,24,Right hand Bat,Right arm Offbreak,Middle order Batter,8,Harry Tom Tector,67,2019-2023,1171,64,23.42,0,7,19.14,0,39,0,4.27,29,36,Not Out,2,17,4
1847,Stuart Robert Thompson,1991-08-15,32,Left hand Bat,Right arm Medium fast,Bowler,5,Stuart Robert Thompson,41,2014-2019,328,56,14.9,0,18,37.22,0,23,0,-22.31,14,24,Out,4,18,5
1866,Craig Alexander Young,1990-04-04,33,Right hand Bat,Right arm Fast medium,Bowler,10,Craig Alexander Young,59,2015-2023,72,22,6.54,0,65,23.41,0,11,0,-16.86,21,35,Out,4,13,8
1870,Corey James Anderson,1990-12-13,33,Left hand Bat,Left arm Medium fast,Batting Allrounder,17,Corey James Anderson,31,2012-2018,485,94,24.25,0,14,35.35,0,19,0,-11.1,19,11,Not Out,2,17,6
1876,Todd Duncan Astle,1986-09-24,37,Right hand Bat,Legbreak,Bowler,4,Todd Duncan Astle,5,2016-2021,4,3,2.0,0,7,16.57,0,3,0,-14.57,2,3,Out,4,13,5
1880,Suzannah Wilson Bates,1987-09-16,36,Right hand Bat,Right arm Medium,Allrounder,9,Suzannah Wilson Bates,152,2007-2023,4118,124,30.05,1,56,23.75,0,81,0,6.3,89,59,Not Out,4,26,16
1891,Trent Alexander Boult,1989-07-22,34,Right hand Bat,Left arm Fast medium,Bowler,16,Trent Alexander Boult,55,2013-2022,32,8,6.4,0,74,22.25,0,20,0,-15.85,27,27,Out,4,13,9
1893,Douglas Andrew John Bracewell,1990-09-28,33,Right hand Bat,Right arm Fast medium,Bowler,6,Douglas Andrew John Bracewell,20,2011-2021,126,44,21.0,0,20,23.5,0,7,0,-2.5,8,10,Out,3,25,10
1894,Michael Gordon Bracewell,1991-02-14,32,Left hand Bat,Right arm Offbreak,Batting Allrounder,5,Michael Gordon Bracewell,16,2022-2023,113,61,18.83,0,21,10.42,0,8,0,8.4,11,5,Not Out,3,5,1
1906,Eden Jean Carson,2001-08-08,22,Right hand Bat,Right arm Offbreak,Bowler,2,Eden Jean Carson,20,2022-2023,8,4,4.0,0,23,15.39,0,4,0,-11.39,12,6,Not Out,3,18,1
1909,Mark Sinclair Chapman,1994-06-27,29,Left hand Bat,Slow Left arm Orthodox,Allrounder,8,Mark Sinclair Chapman,67,2014-2024,1381,104,28.18,1,4,24.75,0,23,0,3.43,32,31,Not Out,1,9,10
1931,Colin de Grandhomme,1986-07-22,37,Right hand Bat,Right arm Medium fast,Allrounder,18,Colin de Grandhomme,41,2012-2021,505,59,15.78,0,12,38.41,0,20,0,-22.63,17,22,Out,2,22,9
1932,Anton Paul Devcich,1985-09-28,38,Left hand Bat,Slow Left arm Orthodox,Opening Batter,10,Anton Paul Devcich,4,2013-2014,111,59,27.75,0,2,40.0,0,2,0,-12.25,2,2,Out,2,16,1
1933,Sophie Frances Monique Devine,1989-09-01,34,Right hand Bat,Right arm Medium,Batting Allrounder,9,Sophie Frances Monique Devine,127,2006-2023,3107,105,28.76,1,113,18.0,0,42,0,10.75,76,46,Out,4,22,17
1939,Jacob Andrew Duffy,1994-08-02,29,Right hand Bat,Right arm Fast medium,Bowler,4,Jacob Andrew Duffy,10,2020-2023,9,6,9.0,0,10,22.3,0,3,0,-13.3,8,2,Not Out,4,33,3
1941,Kate Ellen Ebrahim,1991-11-11,32,Right hand Bat,Right arm Medium,Bowler,3,Kate Ellen Ebrahim,39,2010-2021,91,27,8.27,0,22,27.04,0,8,0,-18.77,19,20,Not Out,3,9,11
1944,Lachlan Hammond Ferguson,1991-06-13,32,Right hand Bat,Right arm Fast,Bowler,9,Lachlan Hammond Ferguson,36,2017-2024,23,14,3.83,0,49,20.04,1,10,0,-16.2,20,14,Out,5,21,7
1960,Madeline Lee Green,1992-10-20,31,Right hand Bat,Right arm Offbreak,Middle order Batter,4,Madeline Lee Green,87,2012-2023,926,49,17.14,0,1,58.0,0,28,2,-40.85,48,35,Not Out,1,6,11
1965,Brooke Maree Halliday,1995-10-30,28,Left hand Bat,Right arm Medium,Allrounder,4,Brooke Maree Halliday,22,2021-2023,123,25,10.25,0,1,33.0,0,3,0,-22.75,10,10,Not Out,1,11,2
1968,Matthew James Henry,1991-12-14,32,Right hand Bat,Right arm Fast medium,Bowler,9,Matthew James Henry,17,2014-2024,12,10,4.0,0,20,24.8,0,3,0,-20.8,10,6,Out,3,32,10
1971,Roneel Magan Hira,1987-01-23,37,Left hand Bat,Slow Left arm Orthodox,Bowler,4,Roneel Magan Hira,15,2012-2013,37,20,18.5,0,10,33.7,0,2,0,-15.2,6,6,Not Out,2,42,1
1974,Holly Rachael Huddleston,1987-10-11,36,Right hand Bat,Right arm Medium fast,Bowler,3,Holly Rachael Huddleston,16,2014-2020,15,10,7.5,0,13,18.3,0,5,0,-10.8,11,4,Out,2,9,6
1978,Kyle Alex Jamieson,1994-12-30,29,Right hand Bat,Right arm Fast medium,Bowler,5,Kyle Alex Jamieson,13,2020-2023,49,30,24.5,0,10,41.2,0,4,0,-16.7,9,4,Out,3,23,3
1980,Hayley Nicole Kayla Jensen,1992-10-07,31,Right hand Bat,Right arm Medium,Bowler,9,Hayley Nicole Kayla Jensen,53,2014-2023,188,19,8.54,0,48,20.54,0,13,0,-11.99,27,22,Out,3,5,9
1982,Frances Cecilia Jonas,2004-04-08,19,Right hand Bat,Slow Left arm Orthodox,Bowler,4,Frances Cecilia Jonas,23,2022-2023,9,4,9.0,0,16,23.93,0,8,0,-14.93,12,9,Not Out,3,16,1
1985,Leigh Meghan Kasperek,1992-02-15,31,Right hand Bat,Right arm Offbreak,Bowler,8,Leigh Meghan Kasperek,48,2015-2023,104,19,6.11,0,77,14.4,0,12,0,-8.28,32,16,Out,4,7,8
1989,Amelia Charlotte Kerr,2000-10-13,23,Right hand Bat,Legbreak,Allrounder,6,Amelia Charlotte Kerr,67,2016-2023,909,70,26.73,0,64,21.82,0,34,0,4.9,39,25,Not Out,3,11,7
1990,Jessica Mackenzie Kerr,1998-01-18,26,Right hand Bat,Right arm Medium,Bowler,5,Jessica Mackenzie Kerr,26,2020-2023,56,12,9.33,0,16,29.12,0,5,0,-19.79,13,10,Not Out,2,13,3
1991,Anaru Kyle Kitchen,1984-02-21,39,Right hand Bat,Slow Left arm Orthodox,Middle order Batter,4,Anaru Kyle Kitchen,5,2017-2018,38,16,12.66,0,2,23.0,0,3,0,-10.33,3,1,Out,1,3,1
1992,Scott Christopher Kuggeleijn,1992-01-03,32,Right hand Bat,Right arm Fast medium,Bowling Allrounder,7,Scott Christopher Kuggeleijn,18,2019-2021,79,35,19.75,0,16,29.43,0,6,0,-9.68,9,5,Not Out,3,27,2
1999,Benjamin George Lister,1996-01-01,28,Right hand Bat,Left arm Fast medium,Bowler,3,Benjamin George Lister,10,2023-2023,0,0,0.0,0,10,30.6,0,5,0,-30.6,5,4,Not Out,3,35,0
2001,Frances Louise Mackay,1990-06-01,33,Right hand Bat,Right arm Offbreak,Opening Batter,2,Frances Louise Mackay,30,2011-2021,332,51,19.52,0,25,23.04,0,7,0,-3.51,14,16,Out,3,18,10
2002,Rosemary Alison Mair,1998-11-07,25,Right hand Bat,Right arm Medium,Bowler,3,Rosemary Alison Mair,19,2019-2022,18,13,9.0,0,14,23.85,0,0,0,-14.85,9,9,Not Out,2,17,3
2006,Mitchell John McClenaghan,1986-06-11,37,Left hand Bat,Left arm Fast medium,Bowler,22,Mitchell John McClenaghan,29,2012-2018,24,10,6.0,0,30,26.3,0,7,0,-20.3,16,12,Out,3,17,6
2008,Cole Edward McConchie,1992-01-12,32,Right hand Bat,Right arm Offbreak,Allrounder,5,Cole Edward McConchie,9,2021-2023,84,31,21.0,0,7,22.71,0,1,0,-1.71,3,5,Not Out,3,15,2
2014,Adam Fraser Milne,1992-04-13,31,Right hand Bat,Right arm Fast,Bowler,12,Adam Fraser Milne,50,2010-2024,83,16,9.22,0,57,24.75,1,11,0,-15.53,30,16,Not Out,5,26,14
2015,Daryl Joseph Mitchell,1991-05-20,32,Right hand Bat,Right arm Medium,Batting Allrounder,7,Daryl Joseph Mitchell,63,2019-2024,1260,72,26.25,0,8,18.5,0,30,0,7.75,36,21,Not Out,2,27,5
2018,Colin Munro,1987-03-11,36,Left hand Bat,Right arm Medium fast,Opening Batter,28,Colin Munro,65,2012-2020,1724,109,31.34,3,4,46.5,0,19,0,-15.15,32,28,Not Out,1,12,8
2021,James Douglas Sheahan Neesham,1990-09-17,33,Left hand Bat,Right arm Medium fast,Batting Allrounder,30,James Douglas Sheahan Neesham,72,2012-2023,900,48,23.07,0,36,28.25,0,32,0,-5.17,45,22,Not Out,3,16,11
2023,Thamsyn Michelle Moupia Newton,1995-06-03,28,Right hand Bat,Right arm Medium,Bowler,3,Thamsyn Michelle Moupia Newton,15,2015-2021,22,14,5.5,0,9,14.0,0,8,0,-8.5,10,4,Out,3,9,6
2026,Robert James Nicol,1983-05-28,40,Right hand Bat,"Right arm Medium, Right arm Offbreak",Opening Batter,6,Robert James Nicol,21,2010-2013,327,58,17.21,0,5,33.4,0,5,0,-16.18,8,10,Out,2,20,3
2034,Ajaz Yunus Patel,1988-10-21,35,Left hand Bat,Slow Left arm Orthodox,Bowler,7,Ajaz Yunus Patel,7,2018-2021,7,4,3.5,0,11,10.72,0,0,0,-7.22,2,5,Out,4,16,3
2035,Molly Mae Penfold,2001-06-15,22,Right hand Bat,Right arm Medium,Bowler,2,Molly Mae Penfold,7,2022-2023,3,2,1.5,0,5,26.2,0,1,0,-24.7,4,3,Out,2,17,1
2038,Anna Michelle Peterson,1990-09-12,33,Right hand Bat,Right arm Offbreak,Top order Batter,3,Anna Michelle Peterson,33,2015-2020,92,15,6.13,0,18,23.72,0,8,0,-17.58,23,10,Out,3,2,5
2040,Glenn Dominic Phillips,1996-12-06,27,Right hand Bat,Right arm Offbreak,Allrounder,10,Glenn Dominic Phillips,71,2017-2024,1716,108,31.77,2,2,52.0,0,46,2,-20.22,41,26,Out,1,11,7
2045,Seth Hayden Arnold Rance,1987-08-23,36,Right hand Bat,Right arm Medium,Bowler,4,Seth Hayden Arnold Rance,8,2017-2019,10,8,3.33,0,10,24.5,0,0,0,-21.16,4,3,Out,3,26,2
2048,Rachin Ravindra,1999-11-18,24,Left hand Bat,Slow Left arm Orthodox,Batting Allrounder,5,Rachin Ravindra,19,2021-2024,146,26,12.16,0,11,22.45,0,9,0,-10.28,9,8,Out,3,22,3
2049,Michael James Grattan Rippon,1991-09-14,32,Right hand Bat,Left arm Wrist spin,Allrounder,13,Michael James Grattan Rippon,19,2013-2022,216,42,30.85,0,17,20.41,0,4,0,10.44,10,8,Out,3,8,9
2052,Hannah Maree Rowe,1996-10-03,27,Right hand Bat,Right arm Medium,Bowler,3,Hannah Maree Rowe,41,2015-2023,146,33,18.25,0,20,25.1,0,14,0,-6.85,26,14,Out,3,18,8
2055,Jesse Daniel Ryder,1984-08-06,39,Left hand Bat,Right arm Medium,Allrounder,13,Jesse Daniel Ryder,22,2008-2014,457,62,22.85,0,2,34.0,0,7,0,-11.15,15,6,Out,1,2,6
2058,Mitchell Josef Santner,1992-02-05,32,Left hand Bat,Slow Left arm Orthodox,Bowling Allrounder,15,Mitchell Josef Santner,97,2015-2024,643,77,16.48,0,106,22.3,0,38,0,-5.81,55,35,Not Out,4,11,9
2059,Amy Ella Satterthwaite,1986-10-07,37,Left hand Bat,Right arm Offbreak,Top order Batter,3,Amy Ella Satterthwaite,111,2007-2021,1784,71,21.49,0,26,23.42,1,36,0,-1.92,62,47,Not Out,6,17,14
2069,Inderbir Singh Sodhi,1992-10-31,31,Right hand Bat,Legbreak,Bowler,13,Inderbir Singh Sodhi,109,2014-2024,161,19,7.66,0,132,22.6,0,36,0,-14.93,61,39,Out,4,28,10
2071,Timothy Grant Southee,1988-12-11,35,Right hand Bat,Right arm Medium fast,Bowler,12,Timothy Grant Southee,122,2008-2024,303,39,11.65,0,157,22.82,2,64,0,-11.16,58,53,Out,5,18,16
2077,Lea-Marie Maureen Tahuhu,1990-09-23,33,Right hand Bat,Right arm Medium fast,Bowler,6,Lea-Marie Maureen Tahuhu,80,2011-2023,173,27,9.61,0,78,19.05,0,18,0,-9.44,48,31,Out,4,6,12
2084,Blair Marshall Tickner,1993-10-13,30,Right hand Bat,Right arm Medium fast,Bowler,4,Blair Marshall Tickner,18,2019-2023,11,5,5.5,0,19,28.21,0,2,0,-22.71,9,9,Not Out,4,27,4
2094,Jessica Marie Watkin,1998-05-07,25,Right hand Bat,Right arm Offbreak,Batting Allrounder,3,Jessica Marie Watkin,9,2018-2018,118,77,16.85,0,7,18.85,0,1,0,-2.0,3,6,Not Out,3,9,0
2102,Ben Matthew Wheeler,1991-11-10,32,Right hand Bat,Left arm Medium fast,Bowler,4,Ben Matthew Wheeler,6,2017-2018,37,30,18.5,0,7,30.85,0,1,0,-12.35,3,3,Out,2,16,1
2105,Kane Stuart Williamson,1990-08-08,33,Right hand Bat,Right arm Offbreak,Top order Batter,14,Kane Stuart Williamson,89,2011-2024,2547,95,33.96,0,6,27.33,0,44,0,6.62,46,40,Out,2,16,13
2108,George Herrick Worker,1989-08-23,34,Left hand Bat,Slow Left arm Orthodox,Batting Allrounder,9,George Herrick Worker,2,2015-2015,90,62,45.0,0,1,19.0,0,1,0,26.0,1,1,Out,1,19,0
2356,Aamer Jamal,1996-07-05,27,Right hand Bat,Right arm Medium fast,Allrounder,5,Aamer Jamal,6,2022-2024,88,41,22.0,0,2,93.5,0,1,0,-71.5,2,4,Out,1,13,2
2361,Muhammad Abbas Afridi,2001-04-05,22,Right hand Bat,Right arm Medium fast,Bowler,6,Muhammad Abbas Afridi,3,2024-2024,23,15,11.5,0,5,16.2,0,1,0,-4.7,1,2,Not Out,3,34,0
2387,Aiman Anwer,1991-09-14,32,Right hand Bat,Right arm Medium fast,Bowler,3,Aiman Anwer,37,2016-2023,41,9,5.12,0,29,29.44,0,9,0,-24.32,15,21,Out,3,30,7
2398,Aliya Riaz,1992-09-24,31,Right hand Bat,Right arm Medium,Allrounder,4,Aliya Riaz,83,2014-2023,938,57,19.95,0,20,31.5,0,28,0,-11.54,33,45,Not Out,2,16,9
2405,Anam Amin,1992-08-11,31,Left hand Bat,Slow Left arm Orthodox,Bowler,2,Anam Amin,65,2014-2022,3,2,3.0,0,61,21.06,0,11,0,-18.06,27,33,Not Out,4,16,8
2408,Anwar Ali,1987-11-25,36,Right hand Bat,Right arm Medium fast,Bowler,13,Anwar Ali,16,2008-2016,109,46,15.57,0,10,36.7,0,5,0,-21.12,8,7,Out,2,27,8
2409,Arafat Minhas,2005-01-02,19,Left hand Bat,Slow Left arm Orthodox,Bowler,5,Arafat Minhas,3,2023-2023,38,25,19.0,0,4,11.25,0,0,0,7.75,1,2,Out,2,11,0
2415,Arshad Iqbal,2000-12-26,23,Right hand Bat,Right arm Medium fast,Bowler,4,Arshad Iqbal,3,2021-2023,0,0,0.0,0,4,13.25,0,0,0,-13.25,1,2,Out,3,14,2
2444,Bilawal Bhatti,1991-09-17,32,Right hand Bat,Right arm Medium fast,Bowler,10,Bilawal Bhatti,9,2013-2015,23,13,11.5,0,5,51.0,0,1,0,-39.5,6,3,Not Out,2,36,2
2445,Bismah Maroof,1991-07-18,32,Left hand Bat,Legbreak,Allrounder,4,Bismah Maroof,140,2009-2023,2893,70,27.55,0,36,22.77,0,37,0,4.77,60,74,Not Out,3,21,14
2446,Danish Aziz,1995-11-20,28,Left hand Bat,Slow Left arm Orthodox,Allrounder,6,Danish Aziz,2,2021-2021,37,22,18.5,0,2,14.5,0,0,0,4.0,1,1,Out,2,29,0
2447,Diana Baig,1995-10-15,28,Right hand Bat,Right arm Medium,Bowler,3,Diana Baig,47,2015-2023,51,8,5.1,0,32,27.37,0,12,0,-22.27,20,23,Not Out,2,11,8
2453,Faheem Ashraf,1994-01-16,30,Left hand Bat,Right arm Medium,Bowling Allrounder,10,Faheem Ashraf,48,2017-2023,311,31,12.44,0,36,27.25,0,12,0,-14.81,34,13,Out,3,5,6
2460,Fatima Sana,2001-11-08,22,Right hand Bat,Right arm Medium,Bowling Allrounder,5,Fatima Sana,29,2019-2023,146,35,20.85,0,24,29.29,0,10,0,-8.43,10,17,Not Out,3,18,4
2461,Fawad Alam,1985-10-08,38,Left hand Bat,Slow Left arm Orthodox,Top order Batter,9,Fawad Alam,24,2007-2010,194,28,17.63,0,8,11.87,0,7,0,5.76,15,9,Out,3,7,3
2467,Ghulam Fatima,1995-10-05,28,Right hand Bat,Legbreak,Bowler,2,Ghulam Fatima,5,2018-2022,6,6,3.0,0,2,54.0,0,0,0,-51.0,2,3,Not Out,1,26,4
2476,Haris Rauf,1993-11-07,30,Right hand Bat,Right arm Fast,Bowler,9,Haris Rauf,66,2020-2024,69,13,6.27,0,90,21.81,0,17,0,-15.53,39,23,Not Out,4,18,4
2479,Hasan Ali,1994-07-02,29,Right hand Bat,Right arm Medium fast,Bowler,9,Hasan Ali,50,2016-2022,129,23,14.33,0,60,23.56,0,12,0,-9.23,36,11,Out,4,18,6
2488,Mohammad Hussain Talat,1996-02-12,27,Left hand Bat,Right arm Medium fast,Allrounder,9,Mohammad Hussain Talat,18,2018-2021,394,63,24.62,0,4,13.5,0,5,0,11.12,14,4,Out,2,12,3
2489,Iftikhar Ahmed,1990-09-03,33,Right hand Bat,Right arm Offbreak,Middle order Batter,21,Iftikhar Ahmed,54,2016-2024,858,62,25.23,0,7,40.57,0,20,0,-15.33,27,24,Not Out,3,24,8
2491,Syed Imad Wasim,1988-12-18,35,Left hand Bat,Slow Left arm Orthodox,Allrounder,28,Syed Imad Wasim,66,2015-2023,486,64,15.18,0,65,21.78,1,20,0,-6.59,39,24,Not Out,5,14,8
2495,Imran Khan,1988-07-14,35,Right hand Bat,Left arm Medium fast,Bowler,6,Imran Khan,3,2015-2015,0,0,0.0,0,2,53.0,0,3,0,-53.0,2,1,Out,2,35,0
2498,Iram Javed,1991-12-16,32,Right hand Bat,Right arm Medium fast,Middle order Batter,3,Iram Javed,53,2013-2023,399,55,9.73,0,1,55.0,0,15,0,-45.26,21,27,Out,1,19,10
2506,Javeria Khan Wadood,1988-05-14,35,Right hand Bat,Right arm Offbreak,Top order Batter,2,Javeria Khan Wadood,112,2009-2023,2018,74,21.69,0,11,20.18,0,16,0,1.51,45,63,Not Out,2,23,14
2515,Kainat Imtiaz,1992-06-21,31,Right hand Bat,Right arm Medium fast,Bowler,3,Kainat Imtiaz,21,2010-2022,137,29,12.45,0,8,20.37,0,2,0,-7.92,9,10,Out,2,18,12
2530,Khushdil Shah,1995-02-07,28,Left hand Bat,Slow Left arm Orthodox,Middle order Batter,13,Khushdil Shah,27,2019-2023,344,36,19.11,0,3,13.0,0,5,0,6.11,14,13,Not Out,3,13,4
2552,Mohammad Amir,1992-04-13,31,Left hand Bat,Left arm Fast medium,Bowler,28,Mohammad Amir,50,2009-2020,59,21,7.37,0,59,21.4,0,4,0,-14.03,28,20,Not Out,4,13,11
2564,Mohammad Hasnain,2000-04-05,23,Right hand Bat,Right arm Fast,Bowler,13,Mohammad Hasnain,27,2019-2022,24,8,24.0,0,25,34.12,0,1,0,-10.12,15,12,Not Out,3,37,3
2571,Mohammad Nawaz,1994-03-21,29,Left hand Bat,Slow Left arm Orthodox,Allrounder,14,Mohammad Nawaz,60,2016-2024,477,45,18.34,0,50,27.22,0,26,0,-8.87,41,19,Not Out,3,5,8
2579,Mohammad Wasim,2001-08-25,22,Right hand Bat,Right arm Fast medium,Bowling Allrounder,8,Mohammad Wasim,29,2021-2024,46,12,11.5,0,36,20.86,0,17,0,-9.36,18,8,Not Out,4,24,3
2605,Naseem Shah,2003-02-15,20,Right hand Bat,Right arm Fast,Bowler,12,Naseem Shah,19,2022-2023,25,14,6.25,0,15,34.66,0,1,0,-28.41,9,10,Not Out,2,7,1
2606,Nashra Sandhu,1997-11-19,26,Right hand Bat,Slow Left arm Orthodox,Bowler,3,Nashra Sandhu,51,2017-2023,13,3,1.85,0,53,19.15,0,9,0,-17.29,23,27,Not Out,4,18,6
2610,Natalia Pervaiz,1995-12-25,28,Right hand Bat,Right arm Medium,Bowler,2,Natalia Pervaiz,17,2017-2023,78,15,7.09,0,6,17.33,0,3,0,-10.24,5,12,Out,3,20,6
2620,Nida Rashid Dar,1987-01-02,37,Right hand Bat,Right arm Offbreak,Bowling Allrounder,2,Nida Rashid Dar,141,2010-2023,1839,75,18.02,0,130,19.32,1,38,0,-1.29,60,75,Out,5,21,13
2623,Omaima Sohail,1997-07-11,26,Right hand Bat,Right arm Offbreak,Top order Batter,3,Omaima Sohail,48,2018-2023,455,43,11.97,0,13,18.23,1,14,0,-6.25,17,28,Out,5,13,5
2625,Qasim Akram,2002-12-01,21,Right hand Bat,Right arm Offbreak,Allrounder,5,Qasim Akram,3,2023-2023,21,12,10.5,0,3,7.66,0,2,0,2.83,1,2,Out,2,5,0
2648,Sadia Iqbal,1995-08-05,28,Left hand Bat,Slow Left arm Orthodox,Bowler,2,Sadia Iqbal,28,2019-2023,6,4,3.0,0,29,20.86,0,5,0,-17.86,15,13,Not Out,3,19,4
2664,Sana Mir,1986-01-05,38,Right hand Bat,Right arm Offbreak,Bowler,3,Sana Mir,106,2009-2019,802,48,14.07,0,89,23.42,0,26,0,-9.35,42,60,Not Out,4,13,10
2670,Shadab Khan,1998-10-04,25,Right hand Bat,Legbreak,Allrounder,19,Shadab Khan,92,2017-2023,569,52,18.96,0,104,22.12,0,29,0,-3.15,57,29,Out,4,8,6
2672,Shaheen Shah Afridi,2000-04-06,23,Left hand Bat,Left arm Fast,Bowler,13,Shaheen Shah Afridi,57,2018-2024,87,22,9.66,0,73,22.3,0,12,0,-12.63,34,20,Out,4,22,6
2676,Shahnawaz Dahani,1998-08-05,25,Right hand Bat,Right arm Fast medium,Bowler,6,Shahnawaz Dahani,11,2021-2022,16,16,16.0,0,8,40.0,0,1,0,-24.0,6,5,Out,2,37,1
2694,Sohail Tanvir,1984-12-12,39,Left hand Bat,Left arm Medium fast,Bowler,21,Sohail Tanvir,57,2007-2017,196,41,11.52,0,54,26.92,0,7,0,-15.39,38,16,Out,3,12,10
2701,Syeda Aroob Shah,2003-12-31,20,Right hand Bat,Legbreak Googly,Allrounder,3,Syeda Aroob Shah,7,2019-2023,4,3,4.0,0,3,58.0,0,3,0,-54.0,2,4,Not Out,1,21,4
2716,Umm-e-Hani,1996-08-12,27,Right hand Bat,Right arm Offbreak,Bowler,3,Umm-e-Hani,8,2023-2023,26,14,8.66,0,4,39.25,0,0,0,-30.58,4,4,Not Out,1,12,0
2718,Usama Mir,1995-12-23,28,Right hand Bat,Legbreak,Bowler,9,Usama Mir,3,2024-2024,2,1,1.0,0,2,55.5,0,1,0,-54.5,1,2,Not Out,1,21,0
2721,Usman Qadir,1993-08-10,30,Left hand Bat,Legbreak,Bowler,16,Usman Qadir,25,2020-2023,36,18,9.0,0,31,18.48,0,5,0,-9.48,12,10,Not Out,4,13,3
2729,Wahab Riaz,1985-06-28,38,Right hand Bat,Left arm Fast,Bowler,51,Wahab Riaz,36,2008-2020,154,30,12.83,0,34,28.55,0,6,0,-15.72,16,19,Not Out,3,18,12
2748,Kyle John Abbott,1987-06-18,36,Right hand Bat,Right arm Fast medium,Bowler,15,Kyle John Abbott,21,2013-2016,23,9,11.5,0,26,22.26,0,7,0,-10.76,12,9,Not Out,3,20,3
2768,Farhaan Behardien,1983-10-09,40,Right hand Bat,Right arm Fast medium,Batting Allrounder,7,Farhaan Behardien,38,2012-2018,518,64,32.37,0,3,9.0,0,14,0,23.37,19,19,Not Out,2,15,6
2775,Anneke Elizabeth Bosch,1993-08-17,30,Right hand Bat,Right arm Medium,Batting Allrounder,3,Anneke Elizabeth Bosch,33,2019-2024,551,67,25.04,0,8,23.0,0,9,0,2.04,12,19,Out,2,11,5
2799,Gerald Coetzee,2000-10-02,23,Right hand Bat,Right arm Fast,Bowler,7,Gerald Coetzee,4,2023-2023,25,13,8.33,0,6,23.33,0,1,0,-15.0,1,3,Out,3,32,0
2807,Carl Junior Dala,1989-12-29,34,Right hand Bat,Right arm Medium,Bowler,7,Carl Junior Dala,10,2018-2021,19,12,19.0,0,13,23.61,0,3,0,-4.61,5,5,Not Out,3,35,3
2809,Moseline Rochelle Daniels,1990-02-01,34,Left hand Bat,Left arm Medium,Bowler,4,Moseline Rochelle Daniels,40,2010-2019,20,8,5.0,0,28,23.64,0,8,0,-18.64,19,20,Not Out,3,13,9
2813,Nadine de Klerk,2000-01-16,24,Right hand Bat,Right arm Medium,Allrounder,5,Nadine de Klerk,48,2018-2024,439,37,27.43,0,37,23.21,0,9,0,4.22,21,24,Not Out,3,7,6
2832,Jean-Paul Duminy,1984-04-14,39,Left hand Bat,Right arm Offbreak,Batting Allrounder,13,Jean-Paul Duminy,81,2007-2019,1934,96,38.68,0,21,28.52,0,35,0,10.15,51,28,Not Out,3,18,12
2840,Bjorn Carl Fortuin,1994-10-21,29,Right hand Bat,Slow Left arm Orthodox,Bowler,8,Bjorn Carl Fortuin,17,2019-2023,52,17,7.42,0,17,23.23,0,5,0,-15.8,7,10,Not Out,3,16,4
2843,Yolani Fourie,1989-10-12,34,Right hand Bat,Right arm Offbreak,Bowler,2,Yolani Fourie,10,2014-2018,11,7,11.0,0,3,44.66,0,1,0,-33.66,4,6,Not Out,2,20,4
2854,Beuran Eric Hendricks,1990-06-08,33,Left hand Bat,Left arm Fast medium,Bowler,11,Beuran Eric Hendricks,19,2014-2021,18,12,6.0,0,25,25.08,0,4,0,-19.08,11,8,Not Out,4,14,7
2862,Shabnim Ismail,1988-10-05,35,Left hand Bat,Right arm Fast medium,Bowler,11,Shabnim Ismail,113,2007-2023,186,20,7.15,0,123,18.62,2,36,0,-11.47,53,57,Not Out,5,12,16
2866,Marco Jansen,2000-05-01,23,Right hand Bat,Left arm Medium fast,Bowling Allrounder,10,Marco Jansen,4,2022-2023,32,20,16.0,0,6,29.0,0,3,0,-13.0,2,2,Out,3,52,1
2871,Marizanne Kapp,1990-01-04,34,Right hand Bat,Right arm Medium,Allrounder,9,Marizanne Kapp,100,2009-2024,1319,75,19.98,0,79,20.94,0,18,0,-0.96,50,46,Out,4,6,15
2874,Ayabonga Khaka,1992-07-18,31,Right hand Bat,Right arm Medium,Bowler,6,Ayabonga Khaka,57,2012-2024,32,8,10.66,0,49,26.16,0,11,0,-15.49,25,30,Not Out,4,23,12
2880,Odine Kirsten,1994-07-28,29,Right hand Bat,Right arm Medium,Allrounder,3,Odine Kirsten,2,2016-2016,5,3,5.0,0,1,45.0,0,1,0,-40.0,1,1,Out,1,26,0
2882,Masabata Marie Klaas,1991-02-03,33,Right hand Bat,Right arm Medium,Bowler,2,Masabata Marie Klaas,63,2010-2024,41,12,3.72,0,41,32.82,0,10,0,-29.1,28,30,Not Out,4,21,14
2884,Rory Keith Kleinveldt,1983-03-15,40,Right hand Bat,Right arm Fast medium,Bowler,6,Rory Keith Kleinveldt,6,2008-2013,25,22,25.0,0,9,19.22,0,1,0,5.77,3,3,Out,3,18,5
2897,George Fredrik Linde,1991-12-04,32,Left hand Bat,Slow Left arm Orthodox,Allrounder,8,George Fredrik Linde,14,2020-2021,111,29,11.1,0,15,22.66,0,6,0,-11.56,6,8,Out,3,23,1
2902,Sune Luus,1996-01-05,28,Right hand Bat,Legbreak,Allrounder,8,Sune Luus,114,2012-2024,1231,71,21.22,0,49,22.04,2,39,0,-0.81,56,53,Out,5,8,12
2904,Sisanda Somila Bruce Magala,1991-01-07,33,Right hand Bat,Right arm Fast medium,Bowler,7,Sisanda Somila Bruce Magala,6,2021-2023,34,18,34.0,0,6,37.66,0,1,0,-3.66,2,4,Not Out,3,21,2
2905,Keshav Athmanand Maharaj,1990-02-07,34,Right hand Bat,Slow Left arm Orthodox,Bowler,7,Keshav Athmanand Maharaj,27,2021-2023,79,41,13.16,0,24,27.95,0,12,0,-14.79,16,9,Out,2,21,2
2916,Aiden Kyle Markram,1994-10-04,29,Right hand Bat,Right arm Offbreak,Opening Batter,9,Aiden Kyle Markram,39,2019-2023,1118,70,38.55,0,10,30.6,0,26,0,7.95,23,15,Out,3,21,4
2918,Eliz-mari Marx,2003-01-20,21,Right hand Bat,Right arm Medium,Bowler,2,Eliz-mari Marx,3,2023-2023,1,1,1.0,0,1,45.0,0,0,0,-44.0,1,1,Out,1,25,0
2920,Ryan McLaren,1983-02-09,41,Left hand Bat,Right arm Medium fast,Allrounder,10,Ryan McLaren,12,2009-2014,9,6,9.0,0,17,19.52,1,3,0,-10.52,9,3,Not Out,5,19,5
2926,Nonkululeko Mlaba,2000-06-27,23,Right hand Bat,Slow Left arm Orthodox,Bowler,2,Nonkululeko Mlaba,45,2019-2024,8,5,4.0,0,35,24.71,0,2,0,-20.71,19,22,Not Out,3,10,5
2941,Morne Morkel,1984-10-06,39,Left hand Bat,Right arm Fast,Bowler,14,Morne Morkel,44,2007-2017,22,8,7.33,0,47,25.34,0,5,0,-18.0,26,17,Not Out,4,17,10
2942,Christopher Henry Morris,1987-04-30,36,Right hand Bat,Right arm Fast medium,Bowling Allrounder,17,Christopher Henry Morris,23,2012-2019,133,55,14.77,0,34,20.5,0,6,0,-5.72,15,8,Not Out,4,27,7
2946,Pieter Willem Adriaan Mulder,1998-02-19,25,Right hand Bat,Right arm Medium,Allrounder,7,Pieter Willem Adriaan Mulder,5,2021-2021,51,36,25.5,0,5,18.0,0,4,0,7.5,4,1,Out,2,10,0
2957,Anrich Arno Nortje,1993-11-16,30,Right hand Bat,Right arm Fast,Bowler,11,Anrich Arno Nortje,31,2019-2023,16,4,2.66,0,38,19.52,0,8,0,-16.85,14,15,Not Out,4,10,4
2971,Wayne Dillon Parnell,1989-07-30,34,Left hand Bat,Left arm Medium fast,Bowler,20,Wayne Dillon Parnell,56,2009-2023,174,29,17.4,0,59,25.64,1,7,0,-8.24,32,23,Not Out,5,30,14
2973,Dane Paterson,1989-04-04,34,Right hand Bat,Right arm Fast medium,Bowler,8,Dane Paterson,8,2017-2018,5,4,5.0,0,9,29.44,0,1,0,-24.44,5,3,Not Out,4,32,1
2976,Aaron Mpho Phangiso,1984-01-21,40,Right hand Bat,Slow Left arm Orthodox,Bowler,10,Aaron Mpho Phangiso,16,2012-2018,19,13,6.33,0,20,22.15,0,0,0,-15.81,9,7,Out,3,25,6
2977,Andile Lucky Phehlukwayo,1996-03-03,27,Left hand Bat,Right arm Medium fast,Bowling Allrounder,7,Andile Lucky Phehlukwayo,40,2017-2023,159,27,9.93,0,45,22.95,0,8,0,-13.01,20,19,Not Out,4,24,6
2978,Vernon Darryl Philander,1985-06-24,38,Right hand Bat,Right arm Fast medium,Allrounder,13,Vernon Darryl Philander,7,2007-2007,14,6,3.5,0,4,28.5,0,1,0,-25.0,5,2,Out,2,23,0
2988,Dwaine Pretorius,1989-03-29,34,Right hand Bat,Right arm Medium fast,Bowling Allrounder,14,Dwaine Pretorius,30,2017-2022,261,77,21.75,0,35,19.88,1,6,0,1.86,19,10,Not Out,5,17,5
2992,Kagiso Rabada,1995-05-25,28,Left hand Bat,Right arm Fast,Bowler,15,Kagiso Rabada,56,2014-2023,147,22,21.0,0,58,29.87,0,18,0,-8.87,30,23,Out,3,20,9
3009,Tumi Sphindile Sekhukhune,1998-11-21,25,Left hand Bat,Right arm Fast medium,Bowler,4,Tumi Sphindile Sekhukhune,31,2018-2023,6,3,3.0,0,29,20.31,0,14,0,-17.31,14,15,Out,3,20,5
3015,Tabraiz Shamsi,1990-02-18,33,Right hand Bat,Left arm Wrist spin,Bowler,22,Tabraiz Shamsi,65,2017-2023,10,4,2.0,0,78,22.2,1,12,0,-20.2,35,30,Not Out,5,24,6
3016,Nondumiso Shangase,1996-04-05,27,Right hand Bat,Right arm Offbreak,Batting Allrounder,3,Nondumiso Shangase,10,2019-2023,6,4,3.0,0,9,14.77,0,4,0,-11.77,3,6,Out,3,20,4
3021, Lubabalo Lutho Sipamla,1998-05-12,25,Right hand Bat,Right arm Fast medium,Bowler,8,Lubabalo Lutho Sipamla,9,2019-2021,8,8,8.0,0,5,53.0,0,3,0,-45.0,4,4,Not Out,2,22,2
3033,Jon-Jon Trevor Smuts,1988-09-21,35,Right hand Bat,Slow Left arm Orthodox,Batting Allrounder,9,Jon-Jon Trevor Smuts,13,2017-2021,174,45,13.38,0,1,178.0,0,1,0,-164.61,5,8,Out,1,19,4
3041,Dale Willem Steyn,1983-06-27,40,Right hand Bat,Right arm Fast,Bowler,25,Dale Willem Steyn,47,2007-2020,21,5,3.5,0,64,18.35,0,12,0,-14.85,26,19,Not Out,4,9,13
3056,Chloe-Lesleigh  Tryon,1994-01-25,30,Right hand Bat,Slow Left arm Orthodox,Allrounder,9,Chloe-Lesleigh  Tryon,94,2010-2024,1109,57,20.53,0,32,33.15,0,23,0,-12.61,42,47,Not Out,4,15,14
3059,Lonwabo Lopsy Tsotsobe,1984-03-07,39,Right hand Bat,Left arm Fast medium,Bowler,8,Lonwabo Lopsy Tsotsobe,23,2009-2014,2,1,2.0,0,18,30.05,0,1,0,-28.05,15,8,Not Out,3,16,5
3060,Delmi Tucker,1997-03-05,26,Right hand Bat,Right arm Offbreak,Allrounder,2,Delmi Tucker,14,2022-2023,50,15,8.33,0,3,63.66,0,2,0,-55.33,3,11,Not Out,1,14,1
3076,Dane van Niekerk,1993-05-14,30,Right hand Bat,Legbreak,Allrounder,8,Dane van Niekerk,86,2009-2021,1877,90,28.01,0,65,20.96,0,25,0,7.04,38,45,Not Out,4,17,12
3094,Lizaad Buyron Williams,1993-10-01,30,Left hand Bat,Right arm Medium fast,Bowler,6,Lizaad Buyron Williams,11,2021-2023,6,2,3.0,0,16,23.18,0,2,0,-20.18,4,7,Not Out,3,35,2
3122,Malmeege Amila Aponso,1993-06-23,30,Right hand Bat,Slow Left arm Orthodox,Bowler,13,Malmeege Amila Aponso,3,2018-2018,0,0,0.0,0,4,19.75,0,0,0,-19.75,1,2,Out,2,29,0
3128,Athapaththu Mudiyanselage Chamari Jayangani Kumai Athapaththu,1990-02-09,34,Left hand Bat,Right arm Offbreak,Batting Allrounder,11,Athapaththu Mudiyanselage Chamari Jayangani Kumai Athapaththu,122,2009-2023,2651,113,22.65,1,40,29.67,0,33,0,-7.01,36,82,Out,3,17,14
3138,Pathira Vasan Dushmantha Chameera,1992-01-11,32,Right hand Bat,Right arm Fast,Bowler,12,Pathira Vasan Dushmantha Chameera,55,2015-2024,101,24,6.73,0,55,28.87,0,11,0,-22.13,18,36,Not Out,4,17,9
3145,Mahamarakkala Kurukulasooriya Patabendige Akila Dananjaya Perera,1993-10-04,30,Left hand Bat,"Right arm Offbreak, Legbreak",Allrounder,10,Mahamarakkala Kurukulasooriya Patabendige Akila Dananjaya Perera,32,2012-2024,65,11,8.12,0,30,31.53,0,7,0,-23.4,10,19,Not Out,3,36,12
3152,Dhananjaya Maduranga de Silva,1991-09-06,32,Right hand Bat,Right arm Offbreak,Allrounder,13,Dhananjaya Maduranga de Silva,42,2015-2024,784,66,21.18,0,14,22.42,0,20,0,-1.23,15,24,Not Out,2,22,9
3170,Welikonthage Kavisha Dilhari,2001-01-24,23,Right hand Bat,Right arm Offbreak,Batting Allrounder,1,Welikonthage Kavisha Dilhari,44,2018-2023,219,47,9.95,0,29,25.58,0,16,0,-15.63,18,25,Not Out,2,7,5
3180,Ranaweera Mudiyanselage Shaminda Eranga,1986-06-23,37,Right hand Bat,Right arm Fast medium,Bowler,5,Ranaweera Mudiyanselage Shaminda Eranga,3,2012-2013,6,6,6.0,0,3,30.0,0,1,0,-24.0,1,1,Out,2,30,1
3182,Aththachchi Nuwan Pradeep Roshan Fernando,1986-10-19,37,Right hand Bat,Right arm Fast medium,Bowler,12,Aththachchi Nuwan Pradeep Roshan Fernando,16,2016-2021,10,8,10.0,0,15,29.06,0,2,0,-19.06,3,13,Not Out,4,25,5
3183,Binura Fernando,1995-07-12,28,Right hand Bat,Left arm Medium fast,Bowler,14,Binura Fernando,14,2015-2024,30,20,15.0,0,14,27.57,0,2,0,-12.57,6,8,Out,2,12,9
3199,Sirikkattuduwage Inoshi Priyadharshani Fernando,1987-03-23,36,Right hand Bat,Right arm Offbreak,Bowler,5,Sirikkattuduwage Inoshi Priyadharshani Fernando,16,2014-2023,5,2,2.5,0,16,16.43,0,7,0,-13.93,7,9,Out,4,10,9
3213,Downdegedara Asela Sampath Gunaratne,1986-01-08,38,Right hand Bat,Right arm Medium fast,Batter,8,Downdegedara Asela Sampath Gunaratne,12,2016-2017,225,84,25.0,0,5,40.8,0,5,0,-15.8,5,7,Not Out,1,11,1
3217,Mashtayage Danushka Gunathilaka,1991-03-17,32,Left hand Bat,Right arm Offbreak,Allrounder,13,Mashtayage Danushka Gunathilaka,46,2016-2022,741,57,16.46,0,6,25.83,0,21,0,-9.36,15,29,Out,2,3,6
3224,Pinnaduwage Wanindu Hasaranga de Silva,1997-07-29,26,Right hand Bat,Legbreak,Allrounder,14,Pinnaduwage Wanindu Hasaranga de Silva,64,2019-2024,635,71,15.11,0,102,15.55,0,27,0,-0.43,27,34,Out,4,9,5
3245,Gampalage Shehan Naveendra De Fonseka Gunawarna Jayasuriya,1991-09-12,32,Left hand Bat,Right arm Offbreak,Batting Allrounder,11,Gampalage Shehan Naveendra De Fonseka Gunawarna Jayasuriya,18,2015-2020,241,40,15.06,0,3,71.0,0,4,0,-55.93,5,13,Out,1,11,5
3254,Hewa Kaluhalamullage Suraj Randiv Kaluhalamulla,1985-01-30,39,Right hand Bat,Right arm Offbreak,Bowler,13,Hewa Kaluhalamullage Suraj Randiv Kaluhalamulla,7,2010-2011,8,6,4.0,0,7,19.85,0,0,0,-15.85,4,3,Out,3,20,1
3256,Kathira Arachchige Dona Ama Kanchana,1991-04-07,32,Right hand Bat,Right arm Fast medium,Bowling Allrounder,4,Kathira Arachchige Dona Ama Kanchana,45,2013-2023,208,17,6.93,0,13,41.84,0,7,0,-34.91,11,33,Out,3,22,10
3262,Chamika Karunaratne,1996-05-29,27,Right hand Bat,Right arm Medium fast,Bowling Allrounder,14,Chamika Karunaratne,42,2021-2023,291,31,16.16,0,24,39.7,0,13,0,-23.54,18,22,Out,2,22,2
3281,Waliarawe Gedara Achini Kalhari Kaushalya Kulasuriya,1990-06-07,33,Left hand Bat,Right arm Fast medium,Bowler,6,Waliarawe Gedara Achini Kalhari Kaushalya Kulasuriya,25,2015-2023,14,6,7.0,0,10,37.8,0,2,0,-30.8,8,17,Not Out,2,19,8
3282,Chandradasa Brahammana Ralalage Lahiru Sudesh Kumara,1997-02-13,27,Left hand Bat,Right arm Fast,Bowler,9,Chandradasa Brahammana Ralalage Lahiru Sudesh Kumara,26,2019-2023,10,4,3.33,0,33,22.87,0,2,0,-19.54,9,16,Out,3,7,4
3285,Dasanayaka Mudiyanselage Sugandika Manel Kumari,1991-10-05,32,Left hand Bat,Slow Left arm Orthodox,Bowler,5,Dasanayaka Mudiyanselage Sugandika Manel Kumari,68,2015-2023,87,10,5.8,0,47,28.59,0,15,0,-22.79,24,43,Out,3,17,8
3288,Ranasinghe Arachchige Suranga Lakmal,1987-03-10,36,Right hand Bat,Right arm Fast medium,Bowler,8,Ranasinghe Arachchige Suranga Lakmal,11,2011-2019,7,5,2.33,0,8,41.25,0,3,0,-38.91,4,7,Not Out,2,26,8
3305,Lokumarakkalage Dilshan Madushanka,2000-09-18,23,Right hand Bat,Left arm Fast medium,Bowler,9,Lokumarakkalage Dilshan Madushanka,13,2022-2024,2,1,0.66,0,14,28.5,0,4,0,-27.83,7,5,Not Out,3,24,2
3310,Mohamed Farveez Maharoof,1984-09-07,39,Right hand Bat,Right arm Fast medium,Allrounder,16,Mohamed Farveez Maharoof,8,2006-2016,33,13,8.25,0,7,28.42,0,2,0,-20.17,5,3,Not Out,2,18,10
3312,Separamadu Lasith Malinga,1983-08-28,40,Right hand Bat,Right arm Fast,Bowler,29,Separamadu Lasith Malinga,84,2006-2020,136,27,6.47,0,107,20.79,2,21,0,-14.31,41,40,Out,5,6,14
3316,Angelo Davis Mathews,1987-06-02,36,Right hand Bat,Right arm Medium,Allrounder,15,Angelo Davis Mathews,84,2009-2024,1312,81,27.33,0,43,30.44,0,24,0,-3.1,44,38,Not Out,3,16,15
3318,Balapuwaduge Ajantha Winslow Mendis,1985-03-11,38,Right hand Bat,Right arm Offbreak,Bowler,12,Balapuwaduge Ajantha Winslow Mendis,39,2008-2014,8,4,2.66,0,66,14.42,2,6,0,-11.75,25,13,Not Out,6,8,6
3330,Eldeniya Medagedara Dilshan Yasika Munaweera,1989-04-24,34,Right hand Bat,Right arm Offbreak,Opening Batter,20,Eldeniya Medagedara Dilshan Yasika Munaweera,13,2012-2017,215,53,17.91,0,1,92.0,0,1,0,-74.08,5,7,Out,1,26,5
3345,Matheesha Pathirana,2002-12-18,21,Right hand Bat,Right arm Fast,Bowler,10,Matheesha Pathirana,4,2022-2024,10,5,10.0,0,8,13.0,0,1,0,-3.0,2,2,Not Out,4,24,2
3363,Narangoda Liyanaarachchilage Thisara Chirantha Perera,1989-04-03,34,Left hand Bat,Right arm Medium fast,Bowling Allrounder,29,Narangoda Liyanaarachchilage Thisara Chirantha Perera,84,2010-2021,1204,61,23.15,0,51,33.66,0,30,0,-10.51,34,47,Out,3,24,11
3372,Kaluwa Dewage Udeshika Prabodhani,1985-09-20,38,Right hand Bat,Left arm Medium,Bowler,4,Kaluwa Dewage Udeshika Prabodhani,89,2009-2023,115,14,6.05,0,66,22.78,0,18,0,-16.73,26,60,Out,3,16,14
3375,Seekkuge Prasanna,1985-06-27,38,Right hand Bat,Legbreak,Allrounder,32,Seekkuge Prasanna,20,2013-2017,214,37,15.28,0,10,35.9,0,4,0,-20.61,9,11,Not Out,2,45,4
3388,Chandrasekara Arachchilage Kasun Rajitha,1993-06-01,30,Right hand Bat,Right arm Medium fast,Bowler,8,Chandrasekara Arachchilage Kasun Rajitha,18,2016-2023,31,9,10.33,0,17,36.17,0,1,0,-25.84,7,11,Not Out,3,29,7
3391,Ramith Laksen Bandara Rambukwella,1991-09-08,32,Left hand Bat,Right arm Offbreak,Opening Batter,6,Ramith Laksen Bandara Rambukwella,2,2013-2016,19,19,19.0,0,1,46.0,0,0,0,-27.0,1,1,Out,1,19,3
3392,Oshadi Udeshika Ranasinghe,1986-03-16,37,Left hand Bat,Right arm Offbreak,Bowling Allrounder,3,Oshadi Udeshika Ranasinghe,66,2013-2023,404,34,9.61,0,58,23.5,0,11,0,-13.88,19,47,Not Out,3,18,10
3397,Inoka Ranaweera,1986-02-18,37,Left hand Bat,Slow Left arm Orthodox,Bowler,3,Inoka Ranaweera,78,2012-2023,63,18,5.72,0,88,17.57,0,11,0,-11.85,28,50,Not Out,4,7,11
3415,Paththamperuma Arachchige Don Lakshan Rangika Sandakan,1991-06-10,32,Right hand Bat,Left arm Wrist spin,Bowler,8,Paththamperuma Arachchige Don Lakshan Rangika Sandakan,20,2017-2021,23,10,7.66,0,23,24.21,0,6,0,-16.55,9,11,Out,4,23,4
3418,Jayasundara Ranasinghe Mudiyanselage Vikum Bandara Sanjaya,1992-02-10,32,Right hand Bat,Right arm Fast medium,Bowler,5,Jayasundara Ranasinghe Mudiyanselage Vikum Bandara Sanjaya,8,2017-2017,20,6,6.66,0,9,27.77,0,1,0,-21.11,3,5,Out,2,20,0
3424,Senanayake Mudiyanselage Sachithra Madhushanka Senanayake,1985-02-09,39,Right hand Bat,Right arm Offbreak,Bowler,8,Senanayake Mudiyanselage Sachithra Madhushanka Senanayake,24,2012-2016,56,17,9.33,0,25,21.96,0,3,0,-12.62,14,10,Out,4,46,4
3429,Madagamagamage Dasun Shanaka,1991-09-09,32,Right hand Bat,Right arm Medium,Allrounder,16,Madagamagamage Dasun Shanaka,94,2015-2024,1405,74,20.66,0,28,21.92,0,35,0,-1.26,33,58,Not Out,3,16,9
3433,Malsha Shehani,1995-06-05,28,Right hand Bat,"Right arm Medium fast, Right arm Offbreak",Bowler,4,Malsha Shehani,12,2018-2023,47,14,5.22,0,4,25.0,0,1,0,-19.77,5,7,Out,4,2,5
3438,Nishshanka Nilakshika Damayanthi Silva,1989-09-27,34,Right hand Bat,Right arm Slow medium,Middle order Batter,5,Nishshanka Nilakshika Damayanthi Silva,79,2013-2023,895,63,16.88,0,11,22.45,0,34,0,-5.56,27,51,Not Out,3,13,10
3441,Tisse Appuhamilage Milinda Siriwardana,1985-12-04,38,Left hand Bat,Slow Left arm Orthodox,Allrounder,19,Tisse Appuhamilage Milinda Siriwardana,22,2015-2017,275,42,17.18,0,8,25.75,0,6,0,-8.56,7,15,Out,2,17,2
3453,Morawakage Maheesh Theekshana,2000-08-01,23,Right hand Bat,Right arm Offbreak,Bowler,11,Morawakage Maheesh Theekshana,43,2021-2024,36,11,3.6,0,42,25.95,0,12,0,-22.35,20,21,Not Out,3,17,3
3459,Ilandari Dewage Nuwan Thushara,1994-08-06,29,Right hand Bat,Right arm Medium fast,Bowler,9,Ilandari Dewage Nuwan Thushara,7,2022-2024,8,6,8.0,0,6,32.83,0,0,0,-24.83,1,5,Out,4,17,2
3464,Isuru Udana Tillakaratna,1988-02-17,35,Right hand Bat,Left arm Medium fast,Allrounder,40,Isuru Udana Tillakaratna,35,2009-2021,256,84,18.28,0,27,33.88,0,4,0,-15.6,13,20,Not Out,3,11,12
3509,Fabian Anthony Allen,1995-05-07,28,Right hand Bat,Slow Left arm Orthodox,Bowling Allrounder,22,Fabian Anthony Allen,34,2018-2022,267,34,16.68,0,24,26.91,0,22,0,-10.22,16,17,Out,2,18,4
3510,Aaliyah Alicia Alleyne,1994-11-11,29,Right hand Bat,Right arm Medium,Bowler,3,Aaliyah Alicia Alleyne,34,2019-2023,255,49,12.14,0,10,53.3,0,5,0,-41.15,11,21,Not Out,2,16,4
3525,Christopher Dion Barnwell,1987-01-06,37,Right hand Bat,Right arm Medium fast,Allrounder,9,Christopher Dion Barnwell,6,2011-2013,78,34,19.5,0,1,51.0,0,2,0,-31.5,3,3,Not Out,1,24,2
3531,Devendra Bishoo,1985-11-06,38,Left hand Bat,Legbreak,Bowler,12,Devendra Bishoo,7,2011-2019,17,8,8.5,0,7,19.57,0,1,0,-11.07,2,5,Out,4,17,8
3539,Carlos Ricardo Brathwaite,1988-07-18,35,Right hand Bat,Right arm Fast medium,Allrounder,29,Carlos Ricardo Brathwaite,41,2011-2019,310,37,14.76,0,31,32.67,0,19,0,-17.91,16,23,Not Out,3,20,8
3541,Dwayne John Bravo,1983-10-07,40,Right hand Bat,Right arm Medium,Allrounder,43,Dwayne John Bravo,91,2006-2021,1255,66,22.01,0,78,26.1,0,44,0,-4.08,45,39,Not Out,4,19,15
3546,Shemaine Altia Campbelle,1992-10-14,31,Right hand Bat,Right arm Medium fast,Middle order Batter,3,Shemaine Altia Campbelle,125,2009-2023,1088,47,14.5,0,34,19.88,0,30,18,-5.37,61,57,Out,3,7,14
3555,Roston Lamar Chase,1992-03-22,31,Right hand Bat,Right arm Offbreak,Allrounder,8,Roston Lamar Chase,11,2021-2024,111,39,15.85,0,9,22.22,0,4,0,-6.36,5,6,Out,3,25,3
3561,Shamilia Shontell Connell,1992-07-14,31,Right hand Bat,Right arm Fast,Bowler,5,Shamilia Shontell Connell,69,2014-2023,50,15,8.33,0,49,28.4,0,14,0,-20.07,32,34,Out,3,14,9
3566,Sheldon Shane Cottrell,1989-08-19,34,Right hand Bat,Left arm Fast medium,Bowler,14,Sheldon Shane Cottrell,45,2014-2023,18,4,4.5,0,52,23.92,0,19,0,-19.42,18,23,Not Out,4,28,9
3581,Deandra Jalisa Shakira Dottin,1991-06-21,32,Right hand Bat,Right arm Fast medium,Allrounder,10,Deandra Jalisa Shakira Dottin,127,2008-2022,2697,112,25.68,2,62,19.19,1,32,0,6.49,72,48,Not Out,5,5,14
3583,Dominic Conneil Drakes,1998-02-06,26,Left hand Bat,Left arm Medium fast,Bowling Allrounder,13,Dominic Conneil Drakes,10,2021-2022,15,5,3.0,0,6,48.33,0,2,0,-45.33,2,8,Out,1,19,1
3592,Afy Samantha Sharlyn Fletcher,1987-03-17,36,Right hand Bat,Legbreak,Bowler,2,Afy Samantha Sharlyn Fletcher,74,2008-2023,162,19,7.71,0,57,23.8,1,11,0,-16.09,33,39,Out,5,13,15
3594,Cherry-Ann Sarah Fraser,1999-07-21,24,Left hand Bat,Right arm Medium fast,Allrounder,3,Cherry-Ann Sarah Fraser,12,2020-2023,22,8,4.4,0,9,23.77,0,2,0,-19.37,3,8,Out,3,20,3
3599,Shabika Gajnabi,2000-07-14,23,Right hand Bat,Right arm Medium,Bowler,2,Shabika Gajnabi,31,2019-2023,238,33,9.91,0,3,52.66,0,14,0,-42.75,7,23,Out,1,8,4
3613,Chinelle Akhalia Henry,1995-08-17,28,Right hand Bat,Right arm Medium fast,Middle order Batter,3,Chinelle Akhalia Henry,47,2013-2023,365,34,13.51,0,16,34.62,0,27,0,-21.1,18,27,Out,3,26,10
3616,Jason Omar Holder,1991-11-05,32,Right hand Bat,Right arm Medium fast,Bowling Allrounder,23,Jason Omar Holder,63,2014-2024,491,38,16.36,0,66,28.87,1,27,0,-12.51,22,38,Out,5,27,10
3621,Akeal Jerome Hosein,1993-04-25,30,Left hand Bat,Slow Left arm Orthodox,Bowler,18,Akeal Jerome Hosein,47,2021-2024,175,44,19.44,0,38,31.44,0,13,0,-12.0,17,26,Not Out,4,30,3
3636,Alzarri Shaheim Joseph,1996-11-20,27,Right hand Bat,Right arm Fast,Bowler,13,Alzarri Shaheim Joseph,22,2022-2024,55,14,27.5,0,35,21.45,1,7,0,6.04,11,11,Not Out,5,40,2
3651,Lee-Ann Giselle Laureel Kirby,1987-04-07,36,Right hand Bat,Right arm Slow medium,Middle order Batter,3,Lee-Ann Giselle Laureel Kirby,9,2008-2020,59,20,7.37,0,1,8.0,0,4,0,-0.62,3,6,Out,1,8,12
3668,Hayley Kristen Matthews,1998-03-19,25,Right hand Bat,Right arm Offbreak,Opening Batter,9,Hayley Kristen Matthews,88,2014-2023,2026,132,24.4,2,91,17.09,0,34,0,7.31,38,46,Out,4,10,9
3671,Obed  Christopher McCoy,1997-01-04,27,Left hand Bat,Left arm Fast medium,Bowler,10,Obed  Christopher McCoy,31,2019-2023,63,23,10.5,0,41,21.36,1,4,0,-10.86,12,18,Not Out,6,17,4
3678,Anisa Mohammed,1988-09-07,35,Right hand Bat,Right arm Offbreak,Bowler,3,Anisa Mohammed,117,2008-2021,152,20,7.23,0,125,17.64,3,27,0,-10.4,63,46,Not Out,5,10,13
3686,Sunil Philip Narine,1988-05-26,35,Left hand Bat,Right arm Offbreak,Bowling Allrounder,21,Sunil Philip Narine,51,2012-2019,155,30,10.33,0,52,21.25,0,7,0,-10.91,24,23,Out,4,12,7
3691,Ashley Renaldo Nurse,1988-12-22,35,Right hand Bat,Right arm Offbreak,Bowler,11,Ashley Renaldo Nurse,13,2011-2019,85,20,42.5,0,8,39.75,0,6,0,2.75,5,7,Not Out,2,6,8
3700,Keemo Mandela Angus Paul,1998-02-21,25,Right hand Bat,Right arm Fast medium,Allrounder,14,Keemo Mandela Angus Paul,23,2018-2022,187,29,20.77,0,25,28.0,1,3,0,-7.22,5,18,Out,5,15,4
3708,Kieron Adrian Pollard,1987-05-12,36,Right hand Bat,Right arm Medium,Batting Allrounder,35,Kieron Adrian Pollard,101,2008-2022,1569,75,25.3,0,42,28.28,0,42,0,-2.97,38,53,Not Out,4,25,14
3712,Rovman Powell,1993-07-23,30,Right hand Bat,Right arm Medium fast,Middle order Batter,17,Rovman Powell,71,2017-2024,1312,107,26.24,1,5,41.2,0,33,0,-14.96,28,40,Out,2,31,7
3717,Karishma Ramharack,1995-01-20,29,Left hand Bat,Right arm Offbreak,Bowler,3,Karishma Ramharack,25,2019-2023,11,3,5.5,0,18,26.16,0,4,0,-20.66,7,17,Not Out,3,8,4
3718,Ravindranath Rampaul,1984-10-15,39,Left hand Bat,Right arm Fast medium,Bowler,10,Ravindranath Rampaul,27,2007-2021,15,8,7.5,0,31,25.9,0,2,0,-18.4,11,14,Out,3,16,14
3719,Raymon Anton Reifer,1991-05-11,32,Left hand Bat,Left arm Medium fast,Allrounder,12,Raymon Anton Reifer,3,2022-2023,46,27,23.0,0,1,60.0,0,0,0,-37.0,1,2,Out,1,42,1
3723,Andre Dwayne Russell,1988-04-29,35,Right hand Bat,Right arm Fast,Allrounder,35,Andre Dwayne Russell,75,2011-2024,955,71,21.7,0,49,34.14,0,18,0,-12.43,40,28,Out,3,19,13
3724,Sherfane Eviston Rutherford,1998-08-15,25,Left hand Bat,Right arm Fast medium,Middle order Batter,21,Sherfane Eviston Rutherford,12,2018-2024,212,67,23.55,0,1,72.0,0,3,0,-48.44,5,6,Not Out,1,21,6
3726,Daren Julius Garvey Sammy,1983-12-20,40,Right hand Bat,Right arm Medium,Allrounder,18,Daren Julius Garvey Sammy,68,2007-2017,587,42,17.26,0,44,25.36,1,31,0,-8.09,36,29,Not Out,5,26,10
3737,Shakera Casandra Selman,1989-09-01,34,Right hand Bat,Right arm Medium,Bowler,6,Shakera Casandra Selman,96,2008-2023,61,12,8.71,0,51,28.23,0,26,0,-19.52,49,41,Not Out,3,23,15
3739,Romario Shepherd,1994-11-26,29,Right hand Bat,Right arm Fast medium,Bowling Allrounder,11,Romario Shepherd,35,2020-2024,317,44,28.81,0,37,28.64,0,7,0,0.16,14,16,Not Out,4,31,4
3743,Lendl Mark Platter Simmons,1985-01-25,39,Right hand Bat,Right arm Medium fast,Top order Batter,29,Lendl Mark Platter Simmons,68,2007-2021,1527,91,26.78,0,6,12.0,0,35,0,14.78,33,31,Not Out,4,19,14
3744,Kevin Sinclair,1999-11-23,24,Right hand Bat,Right arm Offbreak,Bowler,4,Kevin Sinclair,6,2021-2021,3,3,3.0,0,4,37.5,0,3,0,-34.5,3,3,Out,2,23,0
3748,Dwayne Romel Smith,1983-04-12,40,Right hand Bat,Right arm Medium,Allrounder,20,Dwayne Romel Smith,33,2006-2015,582,72,18.18,0,7,30.28,0,8,0,-12.09,15,16,Out,3,24,9
3749,Odean Fabian Smith,1996-11-01,27,Right hand Bat,Right arm Fast medium,Bowling Allrounder,17,Odean Fabian Smith,27,2018-2023,193,27,14.84,0,27,28.59,0,12,0,-13.74,8,18,Not Out,3,29,5
3756,Jerome Everton Taylor,1984-06-22,39,Right hand Bat,Right arm Fast,Bowler,14,Jerome Everton Taylor,30,2006-2018,118,21,13.11,0,33,26.15,0,9,0,-13.04,13,15,Out,3,6,12
3757,Stafanie Roxann Taylor,1991-06-11,32,Right hand Bat,Right arm Offbreak,Allrounder,6,Stafanie Roxann Taylor,117,2008-2023,3236,90,35.17,0,98,16.72,0,36,0,18.44,66,48,Out,4,12,15
3759,Oshane Romaine Thomas,1997-02-18,26,Left hand Bat,Right arm Fast,Bowler,15,Oshane Romaine Thomas,21,2018-2023,9,8,2.25,0,21,30.38,1,2,0,-28.13,6,14,Not Out,5,28,5
3764,Hayden Rashidi Walsh,1992-04-23,31,Left hand Bat,Legbreak Googly,Bowler,11,Hayden Rashidi Walsh,38,2019-2022,150,28,15.0,0,31,26.58,0,9,0,-11.58,12,19,Out,3,23,3
3775,Kesrick Omari Kenal Williams,1990-01-17,34,Right hand Bat,Right arm Fast medium,Bowler,12,Kesrick Omari Kenal Williams,26,2016-2020,19,13,6.33,0,41,19.63,0,8,0,-13.3,10,15,Not Out,4,28,4
3780,Zaida Amiya James,2004-10-30,19,Left hand Bat,Slow Left arm Orthodox,Allrounder,5,Zaida Amiya James,10,2023-2023,23,21,7.66,0,1,123.0,0,2,0,-115.33,6,4,Not Out,1,34,0
3786,Brian John Bennett,2003-11-10,20,Right hand Bat,Right arm Offbreak,Allrounder,3,Brian John Bennett,6,2023-2024,92,29,18.4,0,1,4.0,0,1,0,14.4,2,4,Out,1,4,1
3791,Ryan Ponsonby Burl,1994-04-15,29,Left hand Bat,Legbreak,Middle order Batter,12,Ryan Ponsonby Burl,74,2018-2024,1156,57,26.88,0,49,21.3,0,39,0,5.57,31,41,Not Out,3,13,6
3797,Tendai Larry Chatara,1991-02-28,32,Right hand Bat,Right arm Fast medium,Bowler,14,Tendai Larry Chatara,56,2010-2023,49,8,8.16,0,62,23.38,0,7,0,-15.22,23,31,Out,3,7,13
3800,Chamunorwa Justice Chibhabha,1986-09-06,37,Right hand Bat,Right arm Medium,Top order Batter,17,Chamunorwa Justice Chibhabha,36,2006-2020,667,67,19.05,0,14,32.5,0,9,0,-13.44,4,31,Out,3,18,14
3802,Elton Chigumbura,1986-03-14,37,Right hand Bat,Right arm Fast medium,Allrounder,14,Elton Chigumbura,57,2006-2020,893,54,19.0,0,16,26.68,0,22,0,-7.68,10,45,Not Out,4,31,14
3817,Tendai Sam Chisoro,1988-02-12,36,Left hand Bat,"Left arm Fast medium, Slow Left arm Orthodox",Bowler,9,Tendai Sam Chisoro,14,2015-2020,43,14,10.75,0,12,30.66,0,1,0,-19.91,3,11,Not Out,3,17,5
3825,Alexander Graeme Cremer,1986-09-19,37,Right hand Bat,Legbreak Googly,Bowler,7,Alexander Graeme Cremer,29,2008-2018,68,17,5.23,0,35,18.85,0,6,0,-13.62,7,22,Out,3,11,10
3838,Brad Evans,1997-03-24,26,Right hand Bat,Right arm Fast,Allrounder,4,Brad Evans,8,2022-2023,41,19,10.25,0,6,29.66,0,1,0,-19.41,4,4,Out,2,25,1
3861,Kyle Malcolm Jarvis,1989-02-16,34,Right hand Bat,Right arm Fast medium,Bowler,15,Kyle Malcolm Jarvis,22,2011-2019,55,27,7.85,0,28,23.75,0,5,0,-15.89,2,19,Out,3,15,8
3864,Luke Mafuwa Jongwe,1995-02-06,29,Right hand Bat,Right arm Fast medium,Allrounder,7,Luke Mafuwa Jongwe,58,2015-2024,468,35,17.33,0,58,21.6,0,13,0,-4.27,28,29,Out,4,18,9
3881,Natsai M'shangwe,1991-02-09,33,Right hand Bat,Legbreak,Bowler,6,Natsai M'shangwe,5,2013-2014,5,5,5.0,0,4,35.5,0,1,0,-30.5,2,3,Not Out,2,33,1
3885,Wessly Nyasha Madhevere,2000-09-04,23,Right hand Bat,Right arm Offbreak,Allrounder,7,Wessly Nyasha Madhevere,60,2020-2023,1047,73,20.94,0,13,35.76,0,23,0,-14.82,26,33,Not Out,2,8,3
3886,Neville Madziva,1991-08-02,32,Right hand Bat,Right arm Medium fast,Allrounder,9,Neville Madziva,15,2015-2019,88,28,17.6,0,12,34.75,0,4,0,-17.15,5,10,Not Out,4,34,4
3895,Timycen Hlahla Maruma,1988-04-19,35,Right hand Bat,Legbreak Googly,Top order Batter,14,Timycen Hlahla Maruma,13,2008-2019,100,23,11.11,0,1,20.0,0,5,0,-8.88,3,9,Not Out,1,8,11
3897,Hamilton Masakadza,1983-08-09,40,Right hand Bat,Right arm Medium,Top order Batter,10,Hamilton Masakadza,66,2006-2019,1662,93,25.96,0,2,56.5,0,25,0,-30.53,14,50,Not Out,1,4,13
3898,Shingirai Winston Masakadza,1986-09-04,37,Right hand Bat,Right arm Fast medium,Bowler,4,Shingirai Winston Masakadza,7,2010-2013,18,9,4.5,0,4,52.75,0,2,0,-48.25,1,6,Out,2,39,3
3899,Wellington Pedzisai Masakadza,1993-10-04,30,Left hand Bat,Slow Left arm Orthodox,Bowler,10,Wellington Pedzisai Masakadza,46,2015-2024,107,19,6.68,0,38,26.89,0,25,0,-20.2,20,26,Not Out,4,11,9
3910,Kelis Tanyaradzwa Ndhlovu,2005-11-16,18,Left hand Bat,"Slow Left arm Orthodox, Slow Left arm Orthodox",Allrounder,1,Kelis Tanyaradzwa Ndhlovu,28,2022-2024,518,58,23.54,0,27,16.74,0,2,0,6.8,18,10,Not Out,3,15,2
3913,Ainsley Ndlovu,1996-01-26,28,Right hand Bat,Slow Left arm Orthodox,Bowler,9,Ainsley Ndlovu,10,2019-2023,28,13,14.0,0,3,83.0,0,4,0,-69.0,3,7,Not Out,1,14,4
3930,Tinashe Panyangara,1985-10-21,38,Right hand Bat,Right arm Fast medium,Bowler,5,Tinashe Panyangara,14,2013-2016,23,17,23.0,0,20,19.9,0,2,0,3.1,6,8,Not Out,4,37,3
3947,Milton Shumba,2000-10-19,23,Left hand Bat,Slow Left arm Orthodox,Top order Batter,3,Milton Shumba,30,2020-2022,385,66,20.26,0,4,25.75,0,18,0,-5.48,16,13,Not Out,3,16,2
3951,Sikandar Raza Butt,1986-04-24,37,Right hand Bat,Right arm Offbreak,Batting Allrounder,38,Sikandar Raza Butt,81,2013-2024,1854,87,25.39,0,58,22.91,0,36,0,2.48,32,47,Out,4,8,11
3962,Brendan Ross Murray Taylor,1986-02-06,38,Right hand Bat,Right arm Offbreak,Wicketkeeper Batter,14,Brendan Ross Murray Taylor,45,2006-2021,934,75,23.94,0,1,17.0,0,20,2,6.94,8,36,Not Out,1,16,15
3969,Prosper Utseya,1985-03-26,38,Right hand Bat,Right arm Offbreak,Bowler,11,Prosper Utseya,35,2006-2015,94,13,7.83,0,26,33.0,0,6,0,-25.16,7,27,Not Out,3,25,9
3975,Sean Colin Williams,1986-09-26,37,Left hand Bat,Slow Left arm Orthodox,Middle order Batter,14,Sean Colin Williams,79,2006-2024,1691,66,23.81,0,48,28.37,0,27,0,-4.55,32,45,Out,3,15,18
3978,Cephas Zhuwao,1984-12-15,39,Left hand Bat,Slow Left arm Orthodox,Batter,5,Cephas Zhuwao,7,2008-2018,48,24,6.85,0,1,1.0,0,2,0,5.85,1,5,Out,1,1,10
